"module name","license","repository"
"@angular-devkit/architect@0.13.3","MIT","https://github.com/angular/angular-cli"
"@angular-devkit/architect@0.13.5","MIT","https://github.com/angular/angular-cli"
"@angular-devkit/build-angular@0.13.5","MIT","https://github.com/angular/angular-cli"
"@angular-devkit/build-ng-packagr@0.13.3","MIT","https://github.com/angular/angular-cli"
"@angular-devkit/build-optimizer@0.13.5","MIT","https://github.com/angular/angular-cli"
"@angular-devkit/build-webpack@0.13.5","MIT","https://github.com/angular/angular-cli"
"@angular-devkit/core@7.3.3","MIT","https://github.com/angular/angular-cli"
"@angular-devkit/core@7.3.5","MIT","https://github.com/angular/angular-cli"
"@angular-devkit/schematics@7.3.3","MIT","https://github.com/angular/angular-cli"
"@angular/animations@7.2.7","MIT","https://github.com/angular/angular"
"@angular/cdk@7.3.3","MIT","https://github.com/angular/material2"
"@angular/cli@7.3.3","MIT","https://github.com/angular/angular-cli"
"@angular/common@7.2.7","MIT","https://github.com/angular/angular"
"@angular/compiler-cli@7.2.7","MIT","https://github.com/angular/angular"
"@angular/compiler@7.2.7","MIT","https://github.com/angular/angular"
"@angular/core@7.2.7","MIT","https://github.com/angular/angular"
"@angular/forms@7.2.7","MIT","https://github.com/angular/angular"
"@angular/http@7.2.7","MIT","https://github.com/angular/angular"
"@angular/language-service@7.2.7","MIT","https://github.com/angular/angular"
"@angular/material@7.3.3","MIT","https://github.com/angular/material2"
"@angular/platform-browser-dynamic@7.2.7","MIT","https://github.com/angular/angular"
"@angular/platform-browser@7.2.7","MIT","https://github.com/angular/angular"
"@angular/platform-server@7.2.7","MIT","https://github.com/angular/angular"
"@angular/router@7.2.7","MIT","https://github.com/angular/angular"
"@babel/runtime@7.3.4","MIT","https://github.com/babel/babel/tree/master/packages/babel-runtime"
"@compodoc/compodoc@1.1.9","MIT","https://github.com/compodoc/compodoc"
"@compodoc/ngd-core@2.0.0","MIT","https://github.com/compodoc/ngd"
"@compodoc/ngd-transformer@2.0.0","MIT","https://github.com/compodoc/ngd"
"@dsherret/to-absolute-glob@2.0.2","MIT","https://github.com/jonschlinkert/to-absolute-glob"
"@mrmlnc/readdir-enhanced@2.2.1","MIT","https://github.com/bigstickcarpet/readdir-enhanced"
"@ng-bootstrap/ng-bootstrap@4.0.4","MIT","https://github.com/ng-bootstrap/ng-bootstrap"
"@ngtools/json-schema@1.1.0","MIT","https://github.com/angular/angular-cli"
"@ngtools/webpack@7.3.5","MIT","https://github.com/angular/angular-cli"
"@nodelib/fs.stat@1.1.3","MIT","https://github.com/nodelib/nodelib/tree/master/packages/fs/fs.stat"
"@schematics/angular@7.3.3","MIT","https://github.com/angular/angular-cli"
"@schematics/update@0.13.3","MIT","https://github.com/angular/angular-cli"
"@types/datatables.net@1.10.17","MIT","https://github.com/DefinitelyTyped/DefinitelyTyped"
"@types/estree@0.0.39","MIT","https://github.com/DefinitelyTyped/DefinitelyTyped"
"@types/jasmine@3.3.9","MIT","https://github.com/DefinitelyTyped/DefinitelyTyped"
"@types/jasminewd2@2.0.6","MIT","https://github.com/DefinitelyTyped/DefinitelyTyped"
"@types/jquery@3.3.29","MIT","https://github.com/DefinitelyTyped/DefinitelyTyped"
"@types/node@11.9.5","MIT","https://github.com/DefinitelyTyped/DefinitelyTyped"
"@types/q@0.0.32","MIT","https://github.com/DefinitelyTyped/DefinitelyTyped"
"@types/selenium-webdriver@3.0.15","MIT","https://github.com/DefinitelyTyped/DefinitelyTyped"
"@types/sizzle@2.3.2","MIT","https://github.com/DefinitelyTyped/DefinitelyTyped"
"@types/source-list-map@0.1.2","MIT","https://github.com/DefinitelyTyped/DefinitelyTyped"
"@types/strip-bom@3.0.0","MIT","https://github.com/DefinitelyTyped/DefinitelyTyped"
"@types/strip-json-comments@0.0.30","MIT","https://github.com/DefinitelyTyped/DefinitelyTyped"
"@types/webpack-sources@0.1.5","MIT","https://github.com/DefinitelyTyped/DefinitelyTyped"
"@types/zen-observable@0.8.0","MIT","https://github.com/DefinitelyTyped/DefinitelyTyped"
"@webassemblyjs/ast@1.7.11","MIT","https://github.com/xtuc/webassemblyjs"
"@webassemblyjs/floating-point-hex-parser@1.7.11","MIT","https://github.com/xtuc/webassemblyjs"
"@webassemblyjs/helper-api-error@1.7.11","MIT",""
"@webassemblyjs/helper-buffer@1.7.11","MIT","https://github.com/xtuc/webassemblyjs"
"@webassemblyjs/helper-code-frame@1.7.11","MIT","https://github.com/xtuc/webassemblyjs"
"@webassemblyjs/helper-fsm@1.7.11","ISC",""
"@webassemblyjs/helper-module-context@1.7.11","MIT","https://github.com/xtuc/webassemblyjs"
"@webassemblyjs/helper-wasm-bytecode@1.7.11","MIT","https://github.com/xtuc/webassemblyjs"
"@webassemblyjs/helper-wasm-section@1.7.11","MIT","https://github.com/xtuc/webassemblyjs"
"@webassemblyjs/ieee754@1.7.11","MIT",""
"@webassemblyjs/leb128@1.7.11","MIT",""
"@webassemblyjs/utf8@1.7.11","MIT","https://github.com/xtuc/webassemblyjs"
"@webassemblyjs/wasm-edit@1.7.11","MIT","https://github.com/xtuc/webassemblyjs"
"@webassemblyjs/wasm-gen@1.7.11","MIT","https://github.com/xtuc/webassemblyjs"
"@webassemblyjs/wasm-opt@1.7.11","MIT","https://github.com/xtuc/webassemblyjs"
"@webassemblyjs/wasm-parser@1.7.11","MIT","https://github.com/xtuc/webassemblyjs"
"@webassemblyjs/wast-parser@1.7.11","MIT","https://github.com/xtuc/webassemblyjs"
"@webassemblyjs/wast-printer@1.7.11","MIT","https://github.com/xtuc/webassemblyjs"
"@xtuc/ieee754@1.2.0","BSD-3-Clause","https://github.com/feross/ieee754"
"@xtuc/long@4.2.1","Apache-2.0","https://github.com/dcodeIO/long.js"
"@yarnpkg/lockfile@1.1.0","BSD-2-Clause","https://github.com/yarnpkg/yarn/blob/master/packages/lockfile"
"JSONStream@1.3.5","(MIT OR Apache-2.0)","https://github.com/dominictarr/JSONStream"
"abbrev@1.1.1","ISC","https://github.com/isaacs/abbrev-js"
"accepts@1.3.5","MIT","https://github.com/jshttp/accepts"
"acorn-dynamic-import@4.0.0","MIT","https://github.com/kesne/acorn-dynamic-import"
"acorn@5.7.3","MIT","https://github.com/acornjs/acorn"
"acorn@6.1.1","MIT","https://github.com/acornjs/acorn"
"adm-zip@0.4.13","MIT","https://github.com/cthackers/adm-zip"
"after@0.8.2","MIT","https://github.com/Raynos/after"
"agent-base@4.2.1","MIT","https://github.com/TooTallNate/node-agent-base"
"agentkeepalive@3.5.2","MIT","https://github.com/node-modules/agentkeepalive"
"ajv-errors@1.0.1","MIT","https://github.com/epoberezkin/ajv-errors"
"ajv-keywords@3.4.0","MIT","https://github.com/epoberezkin/ajv-keywords"
"ajv@5.5.2","MIT","https://github.com/epoberezkin/ajv"
"ajv@6.9.1","MIT","https://github.com/epoberezkin/ajv"
"amdefine@1.0.1","BSD-3-Clause OR MIT","https://github.com/jrburke/amdefine"
"angular-datatables@7.0.0","MIT","https://github.com/l-lin/angular-datatables"
"ansi-align@2.0.0","ISC","https://github.com/nexdrew/ansi-align"
"ansi-colors@1.1.0","MIT","https://github.com/doowb/ansi-colors"
"ansi-colors@3.2.4","MIT","https://github.com/doowb/ansi-colors"
"ansi-escapes@1.4.0","MIT","https://github.com/sindresorhus/ansi-escapes"
"ansi-escapes@3.2.0","MIT","https://github.com/sindresorhus/ansi-escapes"
"ansi-gray@0.1.1","MIT","https://github.com/jonschlinkert/ansi-gray"
"ansi-html@0.0.7","Apache-2.0","https://github.com/Tjatse/ansi-html"
"ansi-regex@2.1.1","MIT","https://github.com/chalk/ansi-regex"
"ansi-regex@3.0.0","MIT","https://github.com/chalk/ansi-regex"
"ansi-regex@4.0.0","MIT","https://github.com/chalk/ansi-regex"
"ansi-styles@2.2.1","MIT","https://github.com/chalk/ansi-styles"
"ansi-styles@3.2.1","MIT","https://github.com/chalk/ansi-styles"
"ansi-wrap@0.1.0","MIT","https://github.com/jonschlinkert/ansi-wrap"
"anymatch@2.0.0","ISC","https://github.com/micromatch/anymatch"
"apache-crypt@1.2.1","MIT","https://github.com/http-auth/apache-crypt"
"apache-md5@1.1.2","MIT","https://github.com/http-auth/apache-md5"
"apollo-angular-link-http-common@1.5.0","MIT","https://github.com/apollographql/apollo-angular"
"apollo-angular-link-http@1.5.0","MIT","https://github.com/apollographql/apollo-angular"
"apollo-angular@1.5.0","MIT","https://github.com/apollographql/apollo-angular"
"apollo-cache-inmemory@1.5.1","MIT","https://github.com/apollographql/apollo-client"
"apollo-cache@1.2.1","MIT","https://github.com/apollographql/apollo-client"
"apollo-client@2.5.1","MIT","https://github.com/apollographql/apollo-client"
"apollo-link-dedup@1.0.15","MIT","https://github.com/apollographql/apollo-link"
"apollo-link@1.2.8","MIT","https://github.com/apollographql/apollo-link"
"apollo-utilities@1.2.1","MIT","https://github.com/apollographql/apollo-client"
"app-root-path@2.1.0","MIT","https://github.com/inxilpro/node-app-root-path"
"append-transform@0.4.0","MIT","https://github.com/jamestalmage/append-transform"
"aproba@1.2.0","ISC","https://github.com/iarna/aproba"
"are-we-there-yet@1.1.5","ISC","https://github.com/iarna/are-we-there-yet"
"argparse@1.0.10","MIT","https://github.com/nodeca/argparse"
"arr-diff@4.0.0","MIT","https://github.com/jonschlinkert/arr-diff"
"arr-flatten@1.1.0","MIT","https://github.com/jonschlinkert/arr-flatten"
"arr-union@3.1.0","MIT","https://github.com/jonschlinkert/arr-union"
"array-differ@1.0.0","MIT","https://github.com/sindresorhus/array-differ"
"array-find-index@1.0.2","MIT","https://github.com/sindresorhus/array-find-index"
"array-flatten@1.1.1","MIT","https://github.com/blakeembrey/array-flatten"
"array-flatten@2.1.2","MIT","https://github.com/blakeembrey/array-flatten"
"array-union@1.0.2","MIT","https://github.com/sindresorhus/array-union"
"array-uniq@1.0.3","MIT","https://github.com/sindresorhus/array-uniq"
"array-unique@0.3.2","MIT","https://github.com/jonschlinkert/array-unique"
"arraybuffer.slice@0.0.7","MIT","https://github.com/rase-/arraybuffer.slice"
"arrify@1.0.1","MIT","https://github.com/sindresorhus/arrify"
"asap@2.0.6","MIT","https://github.com/kriskowal/asap"
"asn1.js@4.10.1","MIT","https://github.com/indutny/asn1.js"
"asn1@0.2.4","MIT","https://github.com/joyent/node-asn1"
"assert-plus@1.0.0","MIT","https://github.com/mcavage/node-assert-plus"
"assert@1.4.1","MIT","https://github.com/defunctzombie/commonjs-assert"
"assign-symbols@1.0.0","MIT","https://github.com/jonschlinkert/assign-symbols"
"ast-transform@0.0.0","MIT","https://github.com/hughsk/ast-transform"
"ast-types@0.7.8","MIT","https://github.com/benjamn/ast-types"
"async-each@1.0.1","MIT","https://github.com/paulmillr/async-each"
"async-foreach@0.1.3","MIT*","https://github.com/cowboy/javascript-sync-async-foreach"
"async-limiter@1.0.0","MIT","https://github.com/strml/async-limiter"
"async@1.5.2","MIT","https://github.com/caolan/async"
"async@2.6.2","MIT","https://github.com/caolan/async"
"asynckit@0.4.0","MIT","https://github.com/alexindigo/asynckit"
"atob@2.1.2","(MIT OR Apache-2.0)","git://git.coolaj86.com/coolaj86/atob.js"
"autoprefixer@9.4.6","MIT","https://github.com/postcss/autoprefixer"
"aws-sign2@0.7.0","Apache-2.0","https://github.com/mikeal/aws-sign"
"aws4@1.8.0","MIT","https://github.com/mhart/aws4"
"babel-code-frame@6.26.0","MIT","https://github.com/babel/babel/tree/master/packages/babel-code-frame"
"babel-generator@6.26.1","MIT","https://github.com/babel/babel/tree/master/packages/babel-generator"
"babel-messages@6.23.0","MIT","https://github.com/babel/babel/tree/master/packages/babel-messages"
"babel-polyfill@6.23.0","MIT","https://github.com/babel/babel/tree/master/packages/babel-polyfill"
"babel-runtime@6.26.0","MIT","https://github.com/babel/babel/tree/master/packages/babel-runtime"
"babel-template@6.26.0","MIT","https://github.com/babel/babel/tree/master/packages/babel-template"
"babel-traverse@6.26.0","MIT","https://github.com/babel/babel/tree/master/packages/babel-traverse"
"babel-types@6.26.0","MIT","https://github.com/babel/babel/tree/master/packages/babel-types"
"babylon@6.18.0","MIT","https://github.com/babel/babylon"
"backo2@1.0.2","MIT","https://github.com/mokesmokes/backo"
"balanced-match@1.0.0","MIT","https://github.com/juliangruber/balanced-match"
"base64-arraybuffer@0.1.5","MIT","https://github.com/niklasvh/base64-arraybuffer"
"base64-js@0.0.8","MIT","https://github.com/beatgammit/base64-js"
"base64-js@1.3.0","MIT","https://github.com/beatgammit/base64-js"
"base64id@1.0.0","MIT","https://github.com/faeldt/base64id"
"base@0.11.2","MIT","https://github.com/node-base/base"
"basic-auth@2.0.1","MIT","https://github.com/jshttp/basic-auth"
"batch@0.6.1","MIT","https://github.com/visionmedia/batch"
"bcrypt-pbkdf@1.0.2","BSD-3-Clause","https://github.com/joyent/node-bcrypt-pbkdf"
"bcryptjs@2.4.3","MIT","https://github.com/dcodeIO/bcrypt.js"
"better-assert@1.0.2","MIT*","https://github.com/visionmedia/better-assert"
"big.js@5.2.2","MIT","https://github.com/MikeMcl/big.js"
"binary-extensions@1.13.0","MIT","https://github.com/sindresorhus/binary-extensions"
"blob@0.0.5","MIT","https://github.com/webmodules/blob"
"block-stream@0.0.9","ISC","https://github.com/isaacs/block-stream"
"blocking-proxy@1.0.1","MIT","https://github.com/angular/jasminewd"
"bluebird@3.5.3","MIT","https://github.com/petkaantonov/bluebird"
"bn.js@4.11.8","MIT","https://github.com/indutny/bn.js"
"body-parser@1.18.3","MIT","https://github.com/expressjs/body-parser"
"bonjour@3.5.0","MIT","https://github.com/watson/bonjour"
"boolbase@1.0.0","ISC","https://github.com/fb55/boolbase"
"bootstrap@4.3.1","MIT","https://github.com/twbs/bootstrap"
"boxen@1.3.0","MIT","https://github.com/sindresorhus/boxen"
"brace-expansion@1.1.11","MIT","https://github.com/juliangruber/brace-expansion"
"braces@2.3.2","MIT","https://github.com/micromatch/braces"
"brfs@1.6.1","MIT","https://github.com/substack/brfs"
"brorand@1.1.0","MIT","https://github.com/indutny/brorand"
"brotli@1.3.2","MIT","https://github.com/devongovett/brotli.js"
"browser-resolve@1.11.3","MIT","https://github.com/shtylman/node-browser-resolve"
"browserify-aes@1.2.0","MIT","https://github.com/crypto-browserify/browserify-aes"
"browserify-cipher@1.0.1","MIT","https://github.com/crypto-browserify/browserify-cipher"
"browserify-des@1.0.2","MIT","https://github.com/crypto-browserify/browserify-des"
"browserify-optional@1.0.1","MIT","https://github.com/devongovett/browserify-optional"
"browserify-rsa@4.0.1","MIT","https://github.com/crypto-browserify/browserify-rsa"
"browserify-sign@4.0.4","ISC","https://github.com/crypto-browserify/browserify-sign"
"browserify-zlib@0.2.0","MIT","https://github.com/devongovett/browserify-zlib"
"browserslist@4.4.2","MIT","https://github.com/browserslist/browserslist"
"browserstack@1.5.2","MIT*","https://github.com/scottgonzalez/node-browserstack"
"buffer-alloc-unsafe@1.1.0","MIT","https://github.com/LinusU/buffer-alloc-unsafe"
"buffer-alloc@1.2.0","MIT","https://github.com/LinusU/buffer-alloc"
"buffer-equal@0.0.1","MIT","https://github.com/substack/node-buffer-equal"
"buffer-fill@1.0.0","MIT","https://github.com/LinusU/buffer-fill"
"buffer-from@1.1.1","MIT","https://github.com/LinusU/buffer-from"
"buffer-indexof@1.1.1","MIT","https://github.com/soldair/node-buffer-indexof"
"buffer-xor@1.0.3","MIT","https://github.com/crypto-browserify/buffer-xor"
"buffer@4.9.1","MIT","https://github.com/feross/buffer"
"builtin-modules@1.1.1","MIT","https://github.com/sindresorhus/builtin-modules"
"builtin-modules@3.0.0","MIT","https://github.com/sindresorhus/builtin-modules"
"builtin-status-codes@3.0.0","MIT","https://github.com/bendrucker/builtin-status-codes"
"builtins@1.0.3","MIT","https://github.com/juliangruber/builtins"
"bytes@3.0.0","MIT","https://github.com/visionmedia/bytes.js"
"c3@0.6.12","MIT","https://github.com/c3js/c3"
"cacache@10.0.4","ISC","https://github.com/zkat/cacache"
"cacache@11.3.2","ISC","https://github.com/zkat/cacache"
"cache-base@1.0.1","MIT","https://github.com/jonschlinkert/cache-base"
"call-me-maybe@1.0.1","MIT","https://github.com/limulus/call-me-maybe"
"caller-callsite@2.0.0","MIT","https://github.com/sindresorhus/caller-callsite"
"caller-path@2.0.0","MIT","https://github.com/sindresorhus/caller-path"
"callsite@1.0.0","MIT*",""
"callsites@2.0.0","MIT","https://github.com/sindresorhus/callsites"
"camelcase-keys@2.1.0","MIT","https://github.com/sindresorhus/camelcase-keys"
"camelcase@2.1.1","MIT","https://github.com/sindresorhus/camelcase"
"camelcase@3.0.0","MIT","https://github.com/sindresorhus/camelcase"
"camelcase@4.1.0","MIT","https://github.com/sindresorhus/camelcase"
"camelcase@5.2.0","MIT","https://github.com/sindresorhus/camelcase"
"caniuse-lite@1.0.30000939","CC-BY-4.0","https://github.com/ben-eb/caniuse-lite"
"canonical-path@1.0.0","MIT","https://github.com/petebacondarwin/node-canonical-path"
"capture-stack-trace@1.0.1","MIT","https://github.com/floatdrop/capture-stack-trace"
"caseless@0.12.0","Apache-2.0","https://github.com/mikeal/caseless"
"chalk@1.1.3","MIT","https://github.com/chalk/chalk"
"chalk@2.4.2","MIT","https://github.com/chalk/chalk"
"chardet@0.4.2","MIT","https://github.com/runk/node-chardet"
"chardet@0.7.0","MIT","https://github.com/runk/node-chardet"
"cheerio@1.0.0-rc.2","MIT","https://github.com/cheeriojs/cheerio"
"chokidar@2.0.4","MIT","https://github.com/paulmillr/chokidar"
"chokidar@2.1.2","MIT","https://github.com/paulmillr/chokidar"
"chownr@1.1.1","ISC","https://github.com/isaacs/chownr"
"chrome-trace-event@1.0.0","MIT","github.com:samccone/chrome-trace-event"
"ci-info@1.6.0","MIT","https://github.com/watson/ci-info"
"cipher-base@1.0.4","MIT","https://github.com/crypto-browserify/cipher-base"
"circular-dependency-plugin@5.0.2","ISC","https://github.com/aackerman/circular-dependency-plugin"
"class-utils@0.3.6","MIT","https://github.com/jonschlinkert/class-utils"
"clean-css@4.2.1","MIT","https://github.com/jakubpawlowicz/clean-css"
"cli-boxes@1.0.0","MIT","https://github.com/sindresorhus/cli-boxes"
"cli-cursor@2.1.0","MIT","https://github.com/sindresorhus/cli-cursor"
"cli-width@2.2.0","ISC","https://github.com/knownasilya/cli-width"
"cliui@3.2.0","ISC","https://github.com/yargs/cliui"
"cliui@4.1.0","ISC","https://github.com/yargs/cliui"
"clone-deep@2.0.2","MIT","https://github.com/jonschlinkert/clone-deep"
"clone@1.0.4","MIT","https://github.com/pvorb/node-clone"
"clone@2.1.2","MIT","https://github.com/pvorb/node-clone"
"co@4.6.0","MIT","https://github.com/tj/co"
"code-block-writer@7.2.2","MIT","https://github.com/dsherret/code-block-writer"
"code-point-at@1.1.0","MIT","https://github.com/sindresorhus/code-point-at"
"codelyzer@4.5.0","MIT","https://github.com/mgechev/codelyzer"
"collection-visit@1.0.0","MIT","https://github.com/jonschlinkert/collection-visit"
"color-convert@1.9.3","MIT","https://github.com/Qix-/color-convert"
"color-name@1.1.3","MIT","https://github.com/dfcreative/color-name"
"color-support@1.1.3","ISC","https://github.com/isaacs/color-support"
"colors@1.1.2","MIT","https://github.com/Marak/colors.js"
"colors@1.3.3","MIT","https://github.com/Marak/colors.js"
"combined-stream@1.0.7","MIT","https://github.com/felixge/node-combined-stream"
"commander@2.17.1","MIT","https://github.com/tj/commander.js"
"commander@2.19.0","MIT","https://github.com/tj/commander.js"
"commondir@1.0.1","MIT","https://github.com/substack/node-commondir"
"component-bind@1.0.0","MIT*","https://github.com/component/bind"
"component-emitter@1.2.1","MIT","https://github.com/component/emitter"
"component-inherit@0.0.3","MIT*","https://github.com/component/inherit"
"compressible@2.0.16","MIT","https://github.com/jshttp/compressible"
"compression@1.7.3","MIT","https://github.com/expressjs/compression"
"concat-map@0.0.1","MIT","https://github.com/substack/node-concat-map"
"concat-stream@1.6.2","MIT","https://github.com/maxogden/concat-stream"
"configstore@3.1.2","BSD-2-Clause","https://github.com/yeoman/configstore"
"connect-history-api-fallback@1.6.0","MIT","https://github.com/bripkens/connect-history-api-fallback"
"connect@3.6.6","MIT","https://github.com/senchalabs/connect"
"console-browserify@1.1.0","MIT","https://github.com/Raynos/console-browserify"
"console-control-strings@1.1.0","ISC","https://github.com/iarna/console-control-strings"
"constants-browserify@1.0.0","MIT","https://github.com/juliangruber/constants-browserify"
"content-disposition@0.5.2","MIT","https://github.com/jshttp/content-disposition"
"content-type@1.0.4","MIT","https://github.com/jshttp/content-type"
"convert-source-map@1.6.0","MIT","https://github.com/thlorenz/convert-source-map"
"cookie-signature@1.0.6","MIT","https://github.com/visionmedia/node-cookie-signature"
"cookie@0.3.1","MIT","https://github.com/jshttp/cookie"
"copy-concurrently@1.0.5","ISC","https://github.com/npm/copy-concurrently"
"copy-descriptor@0.1.1","MIT","https://github.com/jonschlinkert/copy-descriptor"
"copy-webpack-plugin@4.6.0","MIT","https://github.com/webpack-contrib/copy-webpack-plugin"
"core-js@2.6.5","MIT","https://github.com/zloirock/core-js"
"core-util-is@1.0.2","MIT","https://github.com/isaacs/core-util-is"
"cors@2.8.5","MIT","https://github.com/expressjs/cors"
"cosmiconfig@4.0.0","MIT","https://github.com/davidtheclark/cosmiconfig"
"cosmiconfig@5.1.0","MIT","https://github.com/davidtheclark/cosmiconfig"
"create-ecdh@4.0.3","MIT","https://github.com/crypto-browserify/createECDH"
"create-error-class@3.0.2","MIT","https://github.com/floatdrop/create-error-class"
"create-hash@1.2.0","MIT","https://github.com/crypto-browserify/createHash"
"create-hmac@1.1.7","MIT","https://github.com/crypto-browserify/createHmac"
"cross-spawn@3.0.1","MIT","https://github.com/IndigoUnited/node-cross-spawn"
"cross-spawn@5.1.0","MIT","https://github.com/IndigoUnited/node-cross-spawn"
"cross-spawn@6.0.5","MIT","https://github.com/moxystudio/node-cross-spawn"
"crypto-browserify@3.12.0","MIT","https://github.com/crypto-browserify/crypto-browserify"
"crypto-js@3.1.9-1","MIT","https://github.com/brix/crypto-js"
"crypto-random-string@1.0.0","MIT","https://github.com/sindresorhus/crypto-random-string"
"css-parse@1.7.0","MIT","https://github.com/visionmedia/css-parse"
"css-select@1.2.0","BSD*","https://github.com/fb55/css-select"
"css-selector-tokenizer@0.7.1","MIT","https://github.com/css-modules/css-selector-tokenizer"
"css-what@2.1.3","BSD-2-Clause","https://github.com/fb55/css-what"
"cssauron@1.4.0","MIT","https://github.com/chrisdickinson/cssauron"
"cssesc@0.1.0","MIT","https://github.com/mathiasbynens/cssesc"
"cuint@0.2.2","MIT","https://github.com/pierrec/js-cuint"
"currently-unhandled@0.4.1","MIT","https://github.com/jamestalmage/currently-unhandled"
"custom-event@1.0.1","MIT","https://github.com/webmodules/custom-event"
"cyclist@0.2.2","MIT*","https://github.com/mafintosh/cyclist"
"d3-array@1.2.4","BSD-3-Clause","https://github.com/d3/d3-array"
"d3-axis@1.0.12","BSD-3-Clause","https://github.com/d3/d3-axis"
"d3-brush@1.0.6","BSD-3-Clause","https://github.com/d3/d3-brush"
"d3-chord@1.0.6","BSD-3-Clause","https://github.com/d3/d3-chord"
"d3-collection@1.0.7","BSD-3-Clause","https://github.com/d3/d3-collection"
"d3-color@1.2.3","BSD-3-Clause","https://github.com/d3/d3-color"
"d3-contour@1.3.2","BSD-3-Clause","https://github.com/d3/d3-contour"
"d3-dispatch@1.0.5","BSD-3-Clause","https://github.com/d3/d3-dispatch"
"d3-drag@1.2.3","BSD-3-Clause","https://github.com/d3/d3-drag"
"d3-dsv@1.1.1","BSD-3-Clause","https://github.com/d3/d3-dsv"
"d3-ease@1.0.5","BSD-3-Clause","https://github.com/d3/d3-ease"
"d3-fetch@1.1.2","BSD-3-Clause","https://github.com/d3/d3-fetch"
"d3-force@1.2.0","BSD-3-Clause","https://github.com/d3/d3-force"
"d3-format@1.3.2","BSD-3-Clause","https://github.com/d3/d3-format"
"d3-geo@1.11.3","BSD-3-Clause","https://github.com/d3/d3-geo"
"d3-hierarchy@1.1.8","BSD-3-Clause","https://github.com/d3/d3-hierarchy"
"d3-interpolate@1.3.2","BSD-3-Clause","https://github.com/d3/d3-interpolate"
"d3-path@1.0.7","BSD-3-Clause","https://github.com/d3/d3-path"
"d3-polygon@1.0.5","BSD-3-Clause","https://github.com/d3/d3-polygon"
"d3-quadtree@1.0.6","BSD-3-Clause","https://github.com/d3/d3-quadtree"
"d3-random@1.1.2","BSD-3-Clause","https://github.com/d3/d3-random"
"d3-scale-chromatic@1.3.3","BSD-3-Clause","https://github.com/d3/d3-scale-chromatic"
"d3-scale@2.2.2","BSD-3-Clause","https://github.com/d3/d3-scale"
"d3-selection@1.4.0","BSD-3-Clause","https://github.com/d3/d3-selection"
"d3-shape@1.3.4","BSD-3-Clause","https://github.com/d3/d3-shape"
"d3-time-format@2.1.3","BSD-3-Clause","https://github.com/d3/d3-time-format"
"d3-time@1.0.11","BSD-3-Clause","https://github.com/d3/d3-time"
"d3-timer@1.0.9","BSD-3-Clause","https://github.com/d3/d3-timer"
"d3-transition@1.2.0","BSD-3-Clause","https://github.com/d3/d3-transition"
"d3-voronoi@1.1.4","BSD-3-Clause","https://github.com/d3/d3-voronoi"
"d3-zoom@1.7.3","BSD-3-Clause","https://github.com/d3/d3-zoom"
"d3@5.9.1","BSD-3-Clause","https://github.com/d3/d3"
"dashdash@1.14.1","MIT","https://github.com/trentm/node-dashdash"
"datatables.net-dt@1.10.19","MIT","https://github.com/DataTables/Dist-DataTables-DataTables"
"datatables.net@1.10.19","MIT","https://github.com/DataTables/Dist-DataTables"
"date-format@2.0.0","MIT","https://github.com/nomiddlename/date-format"
"date-now@0.1.4","MIT","https://github.com/Colingo/date-now"
"debug@2.6.9","MIT","https://github.com/visionmedia/debug"
"debug@3.1.0","MIT","https://github.com/visionmedia/debug"
"debug@3.2.6","MIT","https://github.com/visionmedia/debug"
"debug@4.1.1","MIT","https://github.com/visionmedia/debug"
"debuglog@1.0.1","MIT","https://github.com/sam-github/node-debuglog"
"decamelize@1.2.0","MIT","https://github.com/sindresorhus/decamelize"
"decamelize@2.0.0","MIT","https://github.com/sindresorhus/decamelize"
"decode-uri-component@0.2.0","MIT","https://github.com/SamVerschueren/decode-uri-component"
"deep-equal@1.0.1","MIT","https://github.com/substack/node-deep-equal"
"deep-extend@0.6.0","MIT","https://github.com/unclechu/node-deep-extend"
"deep-is@0.1.3","MIT","https://github.com/thlorenz/deep-is"
"default-gateway@2.7.2","BSD-2-Clause","https://github.com/silverwind/default-gateway"
"default-require-extensions@1.0.0","MIT","https://github.com/jamestalmage/default-require-extensions"
"define-property@0.2.5","MIT","https://github.com/jonschlinkert/define-property"
"define-property@1.0.0","MIT","https://github.com/jonschlinkert/define-property"
"define-property@2.0.2","MIT","https://github.com/jonschlinkert/define-property"
"del@2.2.2","MIT","https://github.com/sindresorhus/del"
"del@3.0.0","MIT","https://github.com/sindresorhus/del"
"delayed-stream@1.0.0","MIT","https://github.com/felixge/node-delayed-stream"
"delegates@1.0.0","MIT","https://github.com/visionmedia/node-delegates"
"depd@1.1.2","MIT","https://github.com/dougwilson/nodejs-depd"
"dependency-graph@0.7.2","MIT","https://github.com/jriecken/dependency-graph"
"des.js@1.0.0","MIT","https://github.com/indutny/des.js"
"destroy@1.0.4","MIT","https://github.com/stream-utils/destroy"
"detect-file@1.0.0","MIT","https://github.com/doowb/detect-file"
"detect-indent@4.0.0","MIT","https://github.com/sindresorhus/detect-indent"
"detect-node@2.0.4","ISC","https://github.com/iliakan/detect-node"
"dezalgo@1.0.3","ISC","https://github.com/npm/dezalgo"
"dfa@1.1.0","MIT","https://github.com/devongovett/dfa"
"di@0.0.1","MIT","https://github.com/vojtajina/node-di"
"diff@3.5.0","BSD-3-Clause","https://github.com/kpdecker/jsdiff"
"diffie-hellman@5.0.3","MIT","https://github.com/crypto-browserify/diffie-hellman"
"dir-glob@2.0.0","MIT","https://github.com/kevva/dir-glob"
"dns-equal@1.0.0","MIT","https://github.com/watson/dns-equal"
"dns-packet@1.3.1","MIT","https://github.com/mafintosh/dns-packet"
"dns-txt@2.0.2","MIT","https://github.com/watson/dns-txt"
"dom-serialize@2.2.1","MIT","https://github.com/webmodules/dom-serialize"
"dom-serializer@0.1.1","MIT","https://github.com/cheeriojs/dom-renderer"
"domain-browser@1.2.0","MIT","https://github.com/bevry/domain-browser"
"domelementtype@1.3.1","BSD-2-Clause","https://github.com/fb55/domelementtype"
"domhandler@2.4.2","BSD-2-Clause","https://github.com/fb55/DomHandler"
"domino@2.1.2","BSD-2-Clause","https://github.com/fgnass/domino"
"domutils@1.5.1","BSD*","https://github.com/FB55/domutils"
"dot-prop@4.2.0","MIT","https://github.com/sindresorhus/dot-prop"
"dot@1.1.2","MIT","https://github.com/olado/doT"
"duplexer2@0.1.4","BSD-3-Clause","https://github.com/deoxxa/duplexer2"
"duplexer3@0.1.4","BSD-3-Clause","https://github.com/floatdrop/duplexer3"
"duplexer@0.1.1","MIT","https://github.com/Raynos/duplexer"
"duplexify@3.7.1","MIT","https://github.com/mafintosh/duplexify"
"ecc-jsbn@0.1.2","MIT","https://github.com/quartzjer/ecc-jsbn"
"ee-first@1.1.1","MIT","https://github.com/jonathanong/ee-first"
"electron-to-chromium@1.3.113","ISC","https://github.com/kilian/electron-to-chromium"
"elliptic@6.4.1","MIT","https://github.com/indutny/elliptic"
"emojis-list@2.1.0","MIT","https://github.com/kikobeats/emojis-list"
"encodeurl@1.0.2","MIT","https://github.com/pillarjs/encodeurl"
"encoding@0.1.12","MIT","https://github.com/andris9/encoding"
"end-of-stream@1.4.1","MIT","https://github.com/mafintosh/end-of-stream"
"engine.io-client@3.2.1","MIT","https://github.com/socketio/engine.io-client"
"engine.io-parser@2.1.3","MIT","https://github.com/socketio/engine.io-parser"
"engine.io@3.2.1","MIT","https://github.com/socketio/engine.io"
"enhanced-resolve@4.1.0","MIT","https://github.com/webpack/enhanced-resolve"
"ent@2.2.0","MIT","https://github.com/substack/node-ent"
"entities@1.1.2","BSD-2-Clause","https://github.com/fb55/entities"
"err-code@1.1.2","MIT","https://github.com/IndigoUnited/js-err-code"
"errno@0.1.7","MIT","https://github.com/rvagg/node-errno"
"error-ex@1.3.2","MIT","https://github.com/qix-/node-error-ex"
"es6-promise@4.2.6","MIT","https://github.com/stefanpenner/es6-promise"
"es6-promisify@5.0.0","MIT","https://github.com/digitaldesignlabs/es6-promisify"
"escape-html@1.0.3","MIT","https://github.com/component/escape-html"
"escape-string-regexp@1.0.5","MIT","https://github.com/sindresorhus/escape-string-regexp"
"escodegen@1.2.0","BSD","https://github.com/Constellation/escodegen"
"escodegen@1.9.1","BSD-2-Clause","https://github.com/estools/escodegen"
"eslint-scope@4.0.2","BSD-2-Clause","https://github.com/eslint/eslint-scope"
"esprima@1.0.4","BSD","https://github.com/ariya/esprima"
"esprima@3.1.3","BSD-2-Clause","https://github.com/jquery/esprima"
"esprima@4.0.1","BSD-2-Clause","https://github.com/jquery/esprima"
"esrecurse@4.2.1","BSD-2-Clause","https://github.com/estools/esrecurse"
"estraverse@1.5.1","BSD","https://github.com/Constellation/estraverse"
"estraverse@4.2.0","BSD-2-Clause","https://github.com/estools/estraverse"
"estree-walker@0.5.2","MIT","https://github.com/Rich-Harris/estree-walker"
"estree-walker@0.6.0","MIT","https://github.com/Rich-Harris/estree-walker"
"esutils@1.0.0","BSD","https://github.com/Constellation/esutils"
"esutils@2.0.2","BSD","https://github.com/estools/esutils"
"etag@1.8.1","MIT","https://github.com/jshttp/etag"
"event-stream@3.3.4","MIT","https://github.com/dominictarr/event-stream"
"eventemitter3@3.1.0","MIT","https://github.com/primus/eventemitter3"
"events@3.0.0","MIT","https://github.com/Gozala/events"
"eventsource@1.0.7","MIT","https://github.com/EventSource/eventsource"
"evp_bytestokey@1.0.3","MIT","https://github.com/crypto-browserify/EVP_BytesToKey"
"execa@0.10.0","MIT","https://github.com/sindresorhus/execa"
"execa@0.7.0","MIT","https://github.com/sindresorhus/execa"
"execa@1.0.0","MIT","https://github.com/sindresorhus/execa"
"exit@0.1.2","MIT","https://github.com/cowboy/node-exit"
"expand-brackets@2.1.4","MIT","https://github.com/jonschlinkert/expand-brackets"
"expand-tilde@2.0.2","MIT","https://github.com/jonschlinkert/expand-tilde"
"express@4.16.4","MIT","https://github.com/expressjs/express"
"extend-shallow@2.0.1","MIT","https://github.com/jonschlinkert/extend-shallow"
"extend-shallow@3.0.2","MIT","https://github.com/jonschlinkert/extend-shallow"
"extend@3.0.2","MIT","https://github.com/justmoon/node-extend"
"external-editor@2.2.0","MIT","https://github.com/mrkmg/node-external-editor"
"external-editor@3.0.3","MIT","https://github.com/mrkmg/node-external-editor"
"extglob@2.0.4","MIT","https://github.com/micromatch/extglob"
"extsprintf@1.3.0","MIT","https://github.com/davepacheco/node-extsprintf"
"falafel@2.1.0","MIT","https://github.com/substack/node-falafel"
"fancy-log@1.3.3","MIT","https://github.com/gulpjs/fancy-log"
"fast-deep-equal@1.1.0","MIT","https://github.com/epoberezkin/fast-deep-equal"
"fast-deep-equal@2.0.1","MIT","https://github.com/epoberezkin/fast-deep-equal"
"fast-glob@2.2.6","MIT","https://github.com/mrmlnc/fast-glob"
"fast-json-stable-stringify@2.0.0","MIT","https://github.com/epoberezkin/fast-json-stable-stringify"
"fast-levenshtein@2.0.6","MIT","https://github.com/hiddentao/fast-levenshtein"
"fastparse@1.1.2","MIT","https://github.com/webpack/fastparse"
"faye-websocket@0.10.0","MIT","https://github.com/faye/faye-websocket-node"
"faye-websocket@0.11.1","MIT","https://github.com/faye/faye-websocket-node"
"figgy-pudding@3.5.1","ISC","https://github.com/zkat/figgy-pudding"
"figures@2.0.0","MIT","https://github.com/sindresorhus/figures"
"file-loader@3.0.1","MIT","https://github.com/webpack-contrib/file-loader"
"fileset@2.0.3","MIT","https://github.com/mklabs/node-fileset"
"fill-range@4.0.0","MIT","https://github.com/jonschlinkert/fill-range"
"finalhandler@1.1.0","MIT","https://github.com/pillarjs/finalhandler"
"finalhandler@1.1.1","MIT","https://github.com/pillarjs/finalhandler"
"find-cache-dir@1.0.0","MIT","https://github.com/avajs/find-cache-dir"
"find-cache-dir@2.1.0","MIT","https://github.com/avajs/find-cache-dir"
"find-parent-dir@0.3.0","MIT","https://github.com/thlorenz/find-parent-dir"
"find-up@1.1.2","MIT","https://github.com/sindresorhus/find-up"
"find-up@2.1.0","MIT","https://github.com/sindresorhus/find-up"
"find-up@3.0.0","MIT","https://github.com/sindresorhus/find-up"
"findit2@2.2.3","MIT","https://github.com/andrewrk/node-findit"
"findup-sync@2.0.0","MIT","https://github.com/js-cli/node-findup-sync"
"flatted@2.0.0","ISC","https://github.com/WebReflection/flatted"
"flush-write-stream@1.1.1","MIT","https://github.com/mafintosh/flush-write-stream"
"follow-redirects@1.7.0","MIT","https://github.com/follow-redirects/follow-redirects"
"fontkit@1.7.8","MIT",""
"for-in@0.1.8","MIT","https://github.com/jonschlinkert/for-in"
"for-in@1.0.2","MIT","https://github.com/jonschlinkert/for-in"
"for-own@1.0.0","MIT","https://github.com/jonschlinkert/for-own"
"foreach@2.0.5","MIT","https://github.com/manuelstofer/foreach"
"forever-agent@0.6.1","Apache-2.0","https://github.com/mikeal/forever-agent"
"form-data@2.3.3","MIT","https://github.com/form-data/form-data"
"forwarded@0.1.2","MIT","https://github.com/jshttp/forwarded"
"fragment-cache@0.2.1","MIT","https://github.com/jonschlinkert/fragment-cache"
"fresh@0.5.2","MIT","https://github.com/jshttp/fresh"
"from2@2.3.0","MIT","https://github.com/hughsk/from2"
"from@0.1.7","MIT","https://github.com/dominictarr/from"
"fs-access@1.0.1","MIT","https://github.com/sindresorhus/fs-access"
"fs-extra@0.30.0","MIT","https://github.com/jprichardson/node-fs-extra"
"fs-extra@4.0.3","MIT","https://github.com/jprichardson/node-fs-extra"
"fs-extra@6.0.1","MIT","https://github.com/jprichardson/node-fs-extra"
"fs-extra@7.0.1","MIT","https://github.com/jprichardson/node-fs-extra"
"fs-minipass@1.2.5","ISC","https://github.com/npm/fs-minipass"
"fs-write-stream-atomic@1.0.10","ISC","https://github.com/npm/fs-write-stream-atomic"
"fs.realpath@1.0.0","ISC","https://github.com/isaacs/fs.realpath"
"fstream@1.0.11","ISC","https://github.com/npm/fstream"
"function-bind@1.1.1","MIT","https://github.com/Raynos/function-bind"
"gauge@2.7.4","ISC","https://github.com/iarna/gauge"
"gaze@1.1.3","MIT","https://github.com/shama/gaze"
"genfun@5.0.0","MIT","https://github.com/zkat/genfun"
"get-caller-file@1.0.3","ISC","https://github.com/stefanpenner/get-caller-file"
"get-stdin@4.0.1","MIT","https://github.com/sindresorhus/get-stdin"
"get-stream@3.0.0","MIT","https://github.com/sindresorhus/get-stream"
"get-stream@4.1.0","MIT","https://github.com/sindresorhus/get-stream"
"get-value@2.0.6","MIT","https://github.com/jonschlinkert/get-value"
"getpass@0.1.7","MIT","https://github.com/arekinath/node-getpass"
"glob-parent@3.1.0","ISC","https://github.com/es128/glob-parent"
"glob-to-regexp@0.3.0","BSD*","https://github.com/fitzgen/glob-to-regexp"
"glob@7.0.6","ISC","https://github.com/isaacs/node-glob"
"glob@7.1.3","ISC","https://github.com/isaacs/node-glob"
"global-dirs@0.1.1","MIT","https://github.com/sindresorhus/global-dirs"
"global-modules@1.0.0","MIT","https://github.com/jonschlinkert/global-modules"
"global-prefix@1.0.2","MIT","https://github.com/jonschlinkert/global-prefix"
"globals@9.18.0","MIT","https://github.com/sindresorhus/globals"
"globby@5.0.0","MIT","https://github.com/sindresorhus/globby"
"globby@6.1.0","MIT","https://github.com/sindresorhus/globby"
"globby@7.1.1","MIT","https://github.com/sindresorhus/globby"
"globby@8.0.2","MIT","https://github.com/sindresorhus/globby"
"globule@1.2.1","MIT","https://github.com/cowboy/node-globule"
"got@6.7.1","MIT","https://github.com/sindresorhus/got"
"graceful-fs@4.1.15","ISC","https://github.com/isaacs/node-graceful-fs"
"graphql-tag@2.10.1","MIT","https://github.com/apollostack/graphql-tag"
"graphql@14.1.1","MIT","https://github.com/graphql/graphql-js"
"hammerjs@2.0.8","MIT","https://github.com/hammerjs/hammer.js"
"handle-thing@2.0.0","MIT","https://github.com/indutny/handle-thing"
"handlebars@4.1.0","MIT","https://github.com/wycats/handlebars.js"
"har-schema@2.0.0","ISC","https://github.com/ahmadnassri/har-schema"
"har-validator@5.1.3","MIT","https://github.com/ahmadnassri/node-har-validator"
"has-ansi@2.0.0","MIT","https://github.com/sindresorhus/has-ansi"
"has-binary2@1.0.3","MIT",""
"has-cors@1.1.0","MIT","https://github.com/component/has-cors"
"has-flag@1.0.0","MIT","https://github.com/sindresorhus/has-flag"
"has-flag@3.0.0","MIT","https://github.com/sindresorhus/has-flag"
"has-unicode@2.0.1","ISC","https://github.com/iarna/has-unicode"
"has-value@0.3.1","MIT","https://github.com/jonschlinkert/has-value"
"has-value@1.0.0","MIT","https://github.com/jonschlinkert/has-value"
"has-values@0.1.4","MIT","https://github.com/jonschlinkert/has-values"
"has-values@1.0.0","MIT","https://github.com/jonschlinkert/has-values"
"has@1.0.3","MIT","https://github.com/tarruda/has"
"hash-base@3.0.4","MIT","https://github.com/crypto-browserify/hash-base"
"hash.js@1.1.7","MIT","https://github.com/indutny/hash.js"
"hmac-drbg@1.0.1","MIT","https://github.com/indutny/hmac-drbg"
"homedir-polyfill@1.0.3","MIT","https://github.com/doowb/homedir-polyfill"
"hosted-git-info@2.7.1","ISC","https://github.com/npm/hosted-git-info"
"hpack.js@2.1.6","MIT","https://github.com/indutny/hpack.js"
"html-entities@1.2.1","MIT","https://github.com/mdevils/node-html-entities"
"htmlparser2@3.10.1","MIT","https://github.com/fb55/htmlparser2"
"http-auth@3.1.3","MIT","https://github.com/http-auth/http-auth"
"http-cache-semantics@3.8.1","BSD-2-Clause","https://github.com/pornel/http-cache-semantics"
"http-deceiver@1.2.7","MIT","https://github.com/indutny/http-deceiver"
"http-errors@1.6.3","MIT","https://github.com/jshttp/http-errors"
"http-parser-js@0.5.0","MIT","https://github.com/creationix/http-parser-js"
"http-proxy-agent@2.1.0","MIT","https://github.com/TooTallNate/node-http-proxy-agent"
"http-proxy-middleware@0.18.0","MIT","https://github.com/chimurai/http-proxy-middleware"
"http-proxy@1.17.0","MIT","https://github.com/nodejitsu/node-http-proxy"
"http-signature@1.2.0","MIT","https://github.com/joyent/node-http-signature"
"https-browserify@1.0.0","MIT","https://github.com/substack/https-browserify"
"https-proxy-agent@2.2.1","MIT","https://github.com/TooTallNate/node-https-proxy-agent"
"humanize-ms@1.2.1","MIT","https://github.com/node-modules/humanize-ms"
"i18next@15.0.5","MIT","https://github.com/i18next/i18next"
"iconv-lite@0.4.23","MIT","https://github.com/ashtuchkin/iconv-lite"
"iconv-lite@0.4.24","MIT","https://github.com/ashtuchkin/iconv-lite"
"ieee754@1.1.12","BSD-3-Clause","https://github.com/feross/ieee754"
"iferr@0.1.5","MIT","https://github.com/shesek/iferr"
"ignore-walk@3.0.1","ISC","https://github.com/isaacs/ignore-walk"
"ignore@3.3.10","MIT","https://github.com/kaelzhang/node-ignore"
"image-size@0.5.5","MIT","https://github.com/image-size/image-size"
"immediate@3.0.6","MIT","https://github.com/calvinmetcalf/immediate"
"immutable-tuple@0.4.10","MIT","https://github.com/benjamn/immutable-tuple"
"import-cwd@2.1.0","MIT","https://github.com/sindresorhus/import-cwd"
"import-fresh@2.0.0","MIT","https://github.com/sindresorhus/import-fresh"
"import-from@2.1.0","MIT","https://github.com/sindresorhus/import-from"
"import-lazy@2.1.0","MIT","https://github.com/sindresorhus/import-lazy"
"import-local@2.0.0","MIT","https://github.com/sindresorhus/import-local"
"imurmurhash@0.1.4","MIT","https://github.com/jensyt/imurmurhash-js"
"in-publish@2.0.0","ISC","https://github.com/iarna/in-publish"
"indent-string@2.1.0","MIT","https://github.com/sindresorhus/indent-string"
"indexof@0.0.1","MIT*",""
"inflight@1.0.6","ISC","https://github.com/npm/inflight"
"inherits@2.0.1","ISC","https://github.com/isaacs/inherits"
"inherits@2.0.3","ISC","https://github.com/isaacs/inherits"
"ini@1.3.5","ISC","https://github.com/isaacs/ini"
"injection-js@2.2.1","MIT","https://github.com/mgechev/injection-js"
"inquirer@3.0.6","MIT","https://github.com/SBoudrias/Inquirer.js"
"inquirer@6.2.1","MIT","https://github.com/SBoudrias/Inquirer.js"
"inside@1.0.0","Public Domain","https://github.com/aantthony/node-self"
"internal-ip@3.0.1","MIT","https://github.com/sindresorhus/internal-ip"
"interpret@1.2.0","MIT","https://github.com/gulpjs/interpret"
"invariant@2.2.4","MIT","https://github.com/zertosh/invariant"
"invert-kv@1.0.0","MIT","https://github.com/sindresorhus/invert-kv"
"invert-kv@2.0.0","MIT","https://github.com/sindresorhus/invert-kv"
"ip-regex@2.1.0","MIT","https://github.com/sindresorhus/ip-regex"
"ip@1.1.5","MIT","https://github.com/indutny/node-ip"
"ipaddr.js@1.8.0","MIT","https://github.com/whitequark/ipaddr.js"
"is-absolute@1.0.0","MIT","https://github.com/jonschlinkert/is-absolute"
"is-accessor-descriptor@0.1.6","MIT","https://github.com/jonschlinkert/is-accessor-descriptor"
"is-accessor-descriptor@1.0.0","MIT","https://github.com/jonschlinkert/is-accessor-descriptor"
"is-arrayish@0.2.1","MIT","https://github.com/qix-/node-is-arrayish"
"is-binary-path@1.0.1","MIT","https://github.com/sindresorhus/is-binary-path"
"is-buffer@1.1.6","MIT","https://github.com/feross/is-buffer"
"is-ci@1.2.1","MIT","https://github.com/watson/is-ci"
"is-data-descriptor@0.1.4","MIT","https://github.com/jonschlinkert/is-data-descriptor"
"is-data-descriptor@1.0.0","MIT","https://github.com/jonschlinkert/is-data-descriptor"
"is-descriptor@0.1.6","MIT","https://github.com/jonschlinkert/is-descriptor"
"is-descriptor@1.0.2","MIT","https://github.com/jonschlinkert/is-descriptor"
"is-directory@0.3.1","MIT","https://github.com/jonschlinkert/is-directory"
"is-extendable@0.1.1","MIT","https://github.com/jonschlinkert/is-extendable"
"is-extendable@1.0.1","MIT","https://github.com/jonschlinkert/is-extendable"
"is-extglob@2.1.1","MIT","https://github.com/jonschlinkert/is-extglob"
"is-finite@1.0.2","MIT","https://github.com/sindresorhus/is-finite"
"is-fullwidth-code-point@1.0.0","MIT","https://github.com/sindresorhus/is-fullwidth-code-point"
"is-fullwidth-code-point@2.0.0","MIT","https://github.com/sindresorhus/is-fullwidth-code-point"
"is-glob@3.1.0","MIT","https://github.com/jonschlinkert/is-glob"
"is-glob@4.0.0","MIT","https://github.com/jonschlinkert/is-glob"
"is-installed-globally@0.1.0","MIT","https://github.com/sindresorhus/is-installed-globally"
"is-module@1.0.0","MIT","https://github.com/component/is-module"
"is-negated-glob@1.0.0","MIT","https://github.com/jonschlinkert/is-negated-glob"
"is-npm@1.0.0","MIT","https://github.com/sindresorhus/is-npm"
"is-number@3.0.0","MIT","https://github.com/jonschlinkert/is-number"
"is-obj@1.0.1","MIT","https://github.com/sindresorhus/is-obj"
"is-path-cwd@1.0.0","MIT","https://github.com/sindresorhus/is-path-cwd"
"is-path-in-cwd@1.0.1","MIT","https://github.com/sindresorhus/is-path-in-cwd"
"is-path-inside@1.0.1","MIT","https://github.com/sindresorhus/is-path-inside"
"is-plain-object@2.0.4","MIT","https://github.com/jonschlinkert/is-plain-object"
"is-promise@2.1.0","MIT","https://github.com/then/is-promise"
"is-redirect@1.0.0","MIT","https://github.com/sindresorhus/is-redirect"
"is-relative@1.0.0","MIT","https://github.com/jonschlinkert/is-relative"
"is-retry-allowed@1.1.0","MIT","https://github.com/floatdrop/is-retry-allowed"
"is-stream@1.1.0","MIT","https://github.com/sindresorhus/is-stream"
"is-typedarray@1.0.0","MIT","https://github.com/hughsk/is-typedarray"
"is-unc-path@1.0.0","MIT","https://github.com/jonschlinkert/is-unc-path"
"is-utf8@0.2.1","MIT","https://github.com/wayfind/is-utf8"
"is-windows@1.0.2","MIT","https://github.com/jonschlinkert/is-windows"
"is-wsl@1.1.0","MIT","https://github.com/sindresorhus/is-wsl"
"isarray@0.0.1","MIT","https://github.com/juliangruber/isarray"
"isarray@1.0.0","MIT","https://github.com/juliangruber/isarray"
"isarray@2.0.1","MIT","https://github.com/juliangruber/isarray"
"isbinaryfile@3.0.3","MIT","https://github.com/gjtorikian/isBinaryFile"
"isexe@2.0.0","ISC","https://github.com/isaacs/isexe"
"isobject@2.1.0","MIT","https://github.com/jonschlinkert/isobject"
"isobject@3.0.1","MIT","https://github.com/jonschlinkert/isobject"
"isstream@0.1.2","MIT","https://github.com/rvagg/isstream"
"istanbul-api@1.3.7","BSD-3-Clause","https://github.com/istanbuljs/istanbuljs"
"istanbul-instrumenter-loader@3.0.1","MIT","https://github.com/webpack-contrib/istanbul-instrumenter-loader"
"istanbul-lib-coverage@1.2.1","BSD-3-Clause","https://github.com/istanbuljs/istanbuljs"
"istanbul-lib-hook@1.2.2","BSD-3-Clause","https://github.com/istanbuljs/istanbuljs"
"istanbul-lib-instrument@1.10.2","BSD-3-Clause","https://github.com/istanbuljs/istanbuljs"
"istanbul-lib-report@1.1.5","BSD-3-Clause","https://github.com/istanbuljs/istanbuljs"
"istanbul-lib-source-maps@1.2.6","BSD-3-Clause","https://github.com/istanbuljs/istanbuljs"
"istanbul-reports@1.5.1","BSD-3-Clause","https://github.com/istanbuljs/istanbuljs"
"iterall@1.2.2","MIT","https://github.com/leebyron/iterall"
"jasmine-core@2.8.0","MIT","https://github.com/jasmine/jasmine"
"jasmine-core@3.3.0","MIT","https://github.com/jasmine/jasmine"
"jasmine-spec-reporter@4.2.1","Apache-2.0","https://github.com/bcaudan/jasmine-spec-reporter"
"jasmine@2.8.0","MIT","https://github.com/jasmine/jasmine-npm"
"jasminewd2@2.2.0","MIT","https://github.com/angular/jasminewd"
"jquery@3.3.1","MIT","https://github.com/jquery/jquery"
"js-base64@2.5.1","BSD-3-Clause","https://github.com/dankogai/js-base64"
"js-tokens@3.0.2","MIT","https://github.com/lydell/js-tokens"
"js-yaml@3.12.2","MIT","https://github.com/nodeca/js-yaml"
"jsbn@0.1.1","MIT","https://github.com/andyperlitch/jsbn"
"jsesc@0.5.0","MIT","https://github.com/mathiasbynens/jsesc"
"jsesc@1.3.0","MIT","https://github.com/mathiasbynens/jsesc"
"json-parse-better-errors@1.0.2","MIT","https://github.com/zkat/json-parse-better-errors"
"json-schema-traverse@0.3.1","MIT","https://github.com/epoberezkin/json-schema-traverse"
"json-schema-traverse@0.4.1","MIT","https://github.com/epoberezkin/json-schema-traverse"
"json-schema@0.2.3","AFLv2.1,BSD","https://github.com/kriszyp/json-schema"
"json-stringify-safe@5.0.1","ISC","https://github.com/isaacs/json-stringify-safe"
"json3@3.3.2","MIT","https://github.com/bestiejs/json3"
"json5@1.0.1","MIT","https://github.com/json5/json5"
"json5@2.1.0","MIT","https://github.com/json5/json5"
"jsonfile@2.4.0","MIT","https://github.com/jprichardson/node-jsonfile"
"jsonfile@4.0.0","MIT","https://github.com/jprichardson/node-jsonfile"
"jsonparse@1.3.1","MIT","https://github.com/creationix/jsonparse"
"jsprim@1.4.1","MIT","https://github.com/joyent/node-jsprim"
"jszip@3.2.0","(MIT OR GPL-3.0)","https://github.com/Stuk/jszip"
"karma-chrome-launcher@2.2.0","MIT","https://github.com/karma-runner/karma-chrome-launcher"
"karma-cli@2.0.0","MIT","https://github.com/karma-runner/karma-cli"
"karma-coverage-istanbul-reporter@1.4.3","MIT","https://github.com/mattlewis92/karma-coverage-istanbul-reporter"
"karma-jasmine-html-reporter@1.4.0","MIT","https://github.com/dfederm/karma-jasmine-html-reporter"
"karma-jasmine@2.0.1","MIT","https://github.com/karma-runner/karma-jasmine"
"karma-source-map-support@1.3.0","MIT","https://github.com/tschaub/karma-source-map-support"
"karma@4.0.1","MIT","https://github.com/karma-runner/karma"
"keycloak-angular@6.1.0","MIT","https://github.com/mauriciovigolo/keycloak-angular"
"keycloak-js@4.8.3","Apache-2.0","https://github.com/keycloak/keycloak-js-bower"
"killable@1.0.1","ISC","https://github.com/marten-de-vries/killable"
"kind-of@3.2.2","MIT","https://github.com/jonschlinkert/kind-of"
"kind-of@4.0.0","MIT","https://github.com/jonschlinkert/kind-of"
"kind-of@5.1.0","MIT","https://github.com/jonschlinkert/kind-of"
"kind-of@6.0.2","MIT","https://github.com/jonschlinkert/kind-of"
"klaw@1.3.1","MIT","https://github.com/jprichardson/node-klaw"
"latest-version@3.1.0","MIT","https://github.com/sindresorhus/latest-version"
"lcid@1.0.0","MIT","https://github.com/sindresorhus/lcid"
"lcid@2.0.0","MIT","https://github.com/sindresorhus/lcid"
"less-loader@4.1.0","MIT","https://github.com/webpack-contrib/less-loader"
"less-plugin-npm-import@2.1.0","Apache v2","https://github.com/less/less-plugin-npm-import"
"less@3.9.0","Apache-2.0","https://github.com/less/less.js"
"levn@0.3.0","MIT","https://github.com/gkz/levn"
"license-checker@25.0.1","BSD-3-Clause","https://github.com/davglass/license-checker"
"license-webpack-plugin@2.1.0","ISC","https://github.com/xz64/license-webpack-plugin"
"lie@3.3.0","MIT","https://github.com/calvinmetcalf/lie"
"linebreak@0.3.0","MIT","https://github.com/devongovett/linebreaker"
"live-server@1.2.1","MIT","https://github.com/tapio/live-server"
"load-json-file@1.1.0","MIT","https://github.com/sindresorhus/load-json-file"
"load-json-file@2.0.0","MIT","https://github.com/sindresorhus/load-json-file"
"load-json-file@4.0.0","MIT","https://github.com/sindresorhus/load-json-file"
"loader-runner@2.4.0","MIT","https://github.com/webpack/loader-runner"
"loader-utils@1.2.3","MIT","https://github.com/webpack/loader-utils"
"locate-path@2.0.0","MIT","https://github.com/sindresorhus/locate-path"
"locate-path@3.0.0","MIT","https://github.com/sindresorhus/locate-path"
"lodash.assign@4.2.0","MIT","https://github.com/lodash/lodash"
"lodash.clonedeep@4.5.0","MIT","https://github.com/lodash/lodash"
"lodash.debounce@4.0.8","MIT","https://github.com/lodash/lodash"
"lodash.get@4.4.2","MIT","https://github.com/lodash/lodash"
"lodash.mergewith@4.6.1","MIT","https://github.com/lodash/lodash"
"lodash.tail@4.1.1","MIT","https://github.com/lodash/lodash"
"lodash@4.17.11","MIT","https://github.com/lodash/lodash"
"log4js@4.0.2","Apache-2.0","https://github.com/log4js-node/log4js-node"
"loglevel@1.6.1","MIT","https://github.com/pimterry/loglevel"
"loose-envify@1.4.0","MIT","https://github.com/zertosh/loose-envify"
"loud-rejection@1.6.0","MIT","https://github.com/sindresorhus/loud-rejection"
"lowercase-keys@1.0.1","MIT","https://github.com/sindresorhus/lowercase-keys"
"lru-cache@4.1.5","ISC","https://github.com/isaacs/node-lru-cache"
"lru-cache@5.1.1","ISC","https://github.com/isaacs/node-lru-cache"
"lunr@2.3.6","MIT","https://github.com/olivernn/lunr.js"
"macos-release@2.0.0","MIT","https://github.com/sindresorhus/macos-release"
"magic-string@0.22.5","MIT","https://github.com/rich-harris/magic-string"
"magic-string@0.25.2","MIT","https://github.com/rich-harris/magic-string"
"make-dir@1.3.0","MIT","https://github.com/sindresorhus/make-dir"
"make-dir@2.1.0","MIT","https://github.com/sindresorhus/make-dir"
"make-error@1.3.5","ISC","https://github.com/JsCommunity/make-error"
"make-fetch-happen@4.0.1","ISC","https://github.com/zkat/make-fetch-happen"
"map-age-cleaner@0.1.3","MIT","https://github.com/SamVerschueren/map-age-cleaner"
"map-cache@0.2.2","MIT","https://github.com/jonschlinkert/map-cache"
"map-obj@1.0.1","MIT","https://github.com/sindresorhus/map-obj"
"map-stream@0.1.0","Custom: https://github.com/dominictarr/event-stream","https://github.com/dominictarr/map-stream"
"map-visit@1.0.0","MIT","https://github.com/jonschlinkert/map-visit"
"marked@0.6.1","MIT","https://github.com/markedjs/marked"
"md5.js@1.3.5","MIT","https://github.com/crypto-browserify/md5.js"
"media-typer@0.3.0","MIT","https://github.com/jshttp/media-typer"
"mem@1.1.0","MIT","https://github.com/sindresorhus/mem"
"mem@4.1.0","MIT","https://github.com/sindresorhus/mem"
"memory-fs@0.4.1","MIT","https://github.com/webpack/memory-fs"
"meow@3.7.0","MIT","https://github.com/sindresorhus/meow"
"merge-descriptors@1.0.1","MIT","https://github.com/component/merge-descriptors"
"merge-source-map@1.0.4","MIT","https://github.com/keik/merge-source-map"
"merge2@1.2.3","MIT","https://github.com/teambition/merge2"
"methods@1.1.2","MIT","https://github.com/jshttp/methods"
"micromatch@3.1.10","MIT","https://github.com/micromatch/micromatch"
"miller-rabin@4.0.1","MIT","https://github.com/indutny/miller-rabin"
"mime-db@1.38.0","MIT","https://github.com/jshttp/mime-db"
"mime-types@2.1.22","MIT","https://github.com/jshttp/mime-types"
"mime@1.4.1","MIT","https://github.com/broofa/node-mime"
"mime@2.4.0","MIT","https://github.com/broofa/node-mime"
"mimic-fn@1.2.0","MIT","https://github.com/sindresorhus/mimic-fn"
"mini-css-extract-plugin@0.5.0","MIT","https://github.com/webpack-contrib/mini-css-extract-plugin"
"minimalistic-assert@1.0.1","ISC","https://github.com/calvinmetcalf/minimalistic-assert"
"minimalistic-crypto-utils@1.0.1","MIT","https://github.com/indutny/minimalistic-crypto-utils"
"minimatch@3.0.4","ISC","https://github.com/isaacs/minimatch"
"minimist@0.0.10","MIT","https://github.com/substack/minimist"
"minimist@0.0.8","MIT","https://github.com/substack/minimist"
"minimist@1.2.0","MIT","https://github.com/substack/minimist"
"minipass@2.3.5","ISC","https://github.com/isaacs/minipass"
"minizlib@1.2.1","MIT","https://github.com/isaacs/minizlib"
"mississippi@2.0.0","BSD-2-Clause","https://github.com/maxogden/mississippi"
"mississippi@3.0.0","BSD-2-Clause","https://github.com/maxogden/mississippi"
"mixin-deep@1.3.1","MIT","https://github.com/jonschlinkert/mixin-deep"
"mixin-object@2.0.1","MIT","https://github.com/jonschlinkert/mixin-object"
"mkdirp@0.5.1","MIT","https://github.com/substack/node-mkdirp"
"morgan@1.9.1","MIT","https://github.com/expressjs/morgan"
"move-concurrently@1.0.1","ISC","https://github.com/npm/move-concurrently"
"ms@2.0.0","MIT","https://github.com/zeit/ms"
"ms@2.1.1","MIT","https://github.com/zeit/ms"
"multicast-dns-service-types@1.1.0","MIT","https://github.com/mafintosh/multicast-dns-service-types"
"multicast-dns@6.2.3","MIT","https://github.com/mafintosh/multicast-dns"
"multimatch@2.1.0","MIT","https://github.com/sindresorhus/multimatch"
"mute-stream@0.0.7","ISC","https://github.com/isaacs/mute-stream"
"nan@2.12.1","MIT","https://github.com/nodejs/nan"
"nanomatch@1.2.13","MIT","https://github.com/micromatch/nanomatch"
"negotiator@0.6.1","MIT","https://github.com/jshttp/negotiator"
"neo-async@2.6.0","MIT","https://github.com/suguru03/neo-async"
"ng-packagr@4.7.1","MIT","https://github.com/ng-packagr/ng-packagr"
"ngrx@2.0.1","ISC",""
"nice-try@1.0.5","MIT","https://github.com/electerious/nice-try"
"node-fetch-npm@2.0.2","MIT","https://github.com/npm/node-fetch-npm"
"node-fetch@1.6.3","MIT","https://github.com/bitinn/node-fetch"
"node-forge@0.7.5","(BSD-3-Clause OR GPL-2.0)","https://github.com/digitalbazaar/forge"
"node-gyp@3.8.0","MIT","https://github.com/nodejs/node-gyp"
"node-libs-browser@2.2.0","MIT","https://github.com/webpack/node-libs-browser"
"node-releases@1.1.8","MIT","https://github.com/chicoxyzzy/node-releases"
"node-sass-tilde-importer@1.0.2","Apache-2.0","https://github.com/matthewdavidson/node-sass-tilde-importer"
"node-sass@4.11.0","MIT","https://github.com/sass/node-sass"
"nopt@3.0.6","ISC","https://github.com/npm/nopt"
"nopt@4.0.1","ISC","https://github.com/npm/nopt"
"normalize-package-data@2.5.0","BSD-2-Clause","https://github.com/npm/normalize-package-data"
"normalize-path@2.1.1","MIT","https://github.com/jonschlinkert/normalize-path"
"normalize-path@3.0.0","MIT","https://github.com/jonschlinkert/normalize-path"
"normalize-range@0.1.2","MIT","https://github.com/jamestalmage/normalize-range"
"npm-bundled@1.0.6","ISC","https://github.com/npm/npm-bundled"
"npm-package-arg@6.1.0","ISC","https://github.com/npm/npm-package-arg"
"npm-packlist@1.4.1","ISC","https://github.com/npm/npm-packlist"
"npm-pick-manifest@2.2.3","ISC","https://github.com/zkat/npm-pick-manifest"
"npm-registry-fetch@3.9.0","ISC","https://github.com/npm/registry-fetch"
"npm-run-path@2.0.2","MIT","https://github.com/sindresorhus/npm-run-path"
"npmlog@4.1.2","ISC","https://github.com/npm/npmlog"
"nth-check@1.0.2","BSD-2-Clause","https://github.com/fb55/nth-check"
"null-check@1.0.0","MIT","https://github.com/sindresorhus/null-check"
"num2fraction@1.2.2","MIT","https://github.com/yisibl/num2fraction"
"number-is-nan@1.0.1","MIT","https://github.com/sindresorhus/number-is-nan"
"oauth-sign@0.9.0","Apache-2.0","https://github.com/mikeal/oauth-sign"
"object-assign@4.1.1","MIT","https://github.com/sindresorhus/object-assign"
"object-component@0.0.3","MIT*",""
"object-copy@0.1.0","MIT","https://github.com/jonschlinkert/object-copy"
"object-inspect@1.4.1","MIT","https://github.com/substack/object-inspect"
"object-keys@1.1.0","MIT","https://github.com/ljharb/object-keys"
"object-visit@1.0.1","MIT","https://github.com/jonschlinkert/object-visit"
"object.pick@1.3.0","MIT","https://github.com/jonschlinkert/object.pick"
"obuf@1.1.2","MIT","https://github.com/indutny/offset-buffer"
"on-finished@2.3.0","MIT","https://github.com/jshttp/on-finished"
"on-headers@1.0.2","MIT","https://github.com/jshttp/on-headers"
"once@1.4.0","ISC","https://github.com/isaacs/once"
"onetime@2.0.1","MIT","https://github.com/sindresorhus/onetime"
"opeb@0.0.0","UNLICENSED",""
"opencollective-postinstall@2.0.2","MIT","https://github.com/opencollective/opencollective-postinstall"
"opencollective@1.0.3","MIT","https://github.com/opencollective/opencollective-cli"
"opn@4.0.2","MIT","https://github.com/sindresorhus/opn"
"opn@5.4.0","MIT","https://github.com/sindresorhus/opn"
"optimism@0.6.9","MIT","https://github.com/benjamn/optimism"
"optimist@0.6.1","MIT*","https://github.com/substack/node-optimist"
"optionator@0.8.2","MIT","https://github.com/gkz/optionator"
"original@1.0.2","MIT","https://github.com/unshiftio/original"
"os-browserify@0.3.0","MIT","https://github.com/CoderPuppy/os-browserify"
"os-homedir@1.0.2","MIT","https://github.com/sindresorhus/os-homedir"
"os-locale@1.4.0","MIT","https://github.com/sindresorhus/os-locale"
"os-locale@2.1.0","MIT","https://github.com/sindresorhus/os-locale"
"os-locale@3.1.0","MIT","https://github.com/sindresorhus/os-locale"
"os-name@3.0.0","MIT","https://github.com/sindresorhus/os-name"
"os-tmpdir@1.0.2","MIT","https://github.com/sindresorhus/os-tmpdir"
"osenv@0.1.5","ISC","https://github.com/npm/osenv"
"p-defer@1.0.0","MIT","https://github.com/sindresorhus/p-defer"
"p-finally@1.0.0","MIT","https://github.com/sindresorhus/p-finally"
"p-is-promise@2.0.0","MIT","https://github.com/sindresorhus/p-is-promise"
"p-limit@1.3.0","MIT","https://github.com/sindresorhus/p-limit"
"p-limit@2.1.0","MIT","https://github.com/sindresorhus/p-limit"
"p-limit@2.2.0","MIT","https://github.com/sindresorhus/p-limit"
"p-locate@2.0.0","MIT","https://github.com/sindresorhus/p-locate"
"p-locate@3.0.0","MIT","https://github.com/sindresorhus/p-locate"
"p-map@1.2.0","MIT","https://github.com/sindresorhus/p-map"
"p-try@1.0.0","MIT","https://github.com/sindresorhus/p-try"
"p-try@2.0.0","MIT","https://github.com/sindresorhus/p-try"
"package-json@4.0.1","MIT","https://github.com/sindresorhus/package-json"
"pacote@9.4.0","MIT","https://github.com/zkat/pacote"
"pako@0.2.9","MIT","https://github.com/nodeca/pako"
"pako@1.0.8","(MIT AND Zlib)","https://github.com/nodeca/pako"
"parallel-transform@1.1.0","MIT","https://github.com/mafintosh/parallel-transform"
"parse-asn1@5.1.4","ISC","https://github.com/crypto-browserify/parse-asn1"
"parse-json@2.2.0","MIT","https://github.com/sindresorhus/parse-json"
"parse-json@4.0.0","MIT","https://github.com/sindresorhus/parse-json"
"parse-node-version@1.0.1","MIT","https://github.com/gulpjs/parse-node-version"
"parse-passwd@1.0.0","MIT","https://github.com/doowb/parse-passwd"
"parse5@3.0.3","MIT","https://github.com/inikulin/parse5"
"parse5@4.0.0","MIT","https://github.com/inikulin/parse5"
"parse5@5.1.0","MIT","https://github.com/inikulin/parse5"
"parseqs@0.0.5","MIT","https://github.com/get/querystring"
"parseuri@0.0.5","MIT","https://github.com/get/parseuri"
"parseurl@1.3.2","MIT","https://github.com/pillarjs/parseurl"
"pascalcase@0.1.1","MIT","https://github.com/jonschlinkert/pascalcase"
"path-browserify@0.0.0","MIT","https://github.com/substack/path-browserify"
"path-dirname@1.0.2","MIT","https://github.com/es128/path-dirname"
"path-exists@2.1.0","MIT","https://github.com/sindresorhus/path-exists"
"path-exists@3.0.0","MIT","https://github.com/sindresorhus/path-exists"
"path-is-absolute@1.0.1","MIT","https://github.com/sindresorhus/path-is-absolute"
"path-is-inside@1.0.2","(WTFPL OR MIT)","https://github.com/domenic/path-is-inside"
"path-key@2.0.1","MIT","https://github.com/sindresorhus/path-key"
"path-parse@1.0.6","MIT","https://github.com/jbgutierrez/path-parse"
"path-to-regexp@0.1.7","MIT","https://github.com/component/path-to-regexp"
"path-type@1.1.0","MIT","https://github.com/sindresorhus/path-type"
"path-type@2.0.0","MIT","https://github.com/sindresorhus/path-type"
"path-type@3.0.0","MIT","https://github.com/sindresorhus/path-type"
"pause-stream@0.0.11","MIT,Apache2","https://github.com/dominictarr/pause-stream"
"pbkdf2@3.0.17","MIT","https://github.com/crypto-browserify/pbkdf2"
"pdfkit@0.9.0","MIT*","https://github.com/foliojs/pdfkit"
"pdfmake@0.1.53","MIT","https://github.com/bpampuch/pdfmake"
"performance-now@2.1.0","MIT","https://github.com/braveg1rl/performance-now"
"pify@2.3.0","MIT","https://github.com/sindresorhus/pify"
"pify@3.0.0","MIT","https://github.com/sindresorhus/pify"
"pify@4.0.1","MIT","https://github.com/sindresorhus/pify"
"pinkie-promise@2.0.1","MIT","https://github.com/floatdrop/pinkie-promise"
"pinkie@2.0.4","MIT","https://github.com/floatdrop/pinkie"
"pkg-dir@2.0.0","MIT","https://github.com/sindresorhus/pkg-dir"
"pkg-dir@3.0.0","MIT","https://github.com/sindresorhus/pkg-dir"
"png-js@0.1.1","UNKNOWN","https://github.com/devongovett/png.js"
"popper.js@1.14.7","MIT","https://github.com/FezVrasta/popper.js"
"portfinder@1.0.20","MIT","https://github.com/indexzero/node-portfinder"
"posix-character-classes@0.1.1","MIT","https://github.com/jonschlinkert/posix-character-classes"
"postcss-import@12.0.1","MIT","https://github.com/postcss/postcss-import"
"postcss-load-config@2.0.0","MIT","https://github.com/michael-ciniawsky/postcss-load-config"
"postcss-loader@3.0.0","MIT","https://github.com/postcss/postcss-loader"
"postcss-url@8.0.0","MIT","https://github.com/postcss/postcss-url"
"postcss-value-parser@3.3.1","MIT","https://github.com/TrySound/postcss-value-parser"
"postcss@7.0.14","MIT","https://github.com/postcss/postcss"
"prelude-ls@1.1.2","MIT","https://github.com/gkz/prelude-ls"
"prepend-http@1.0.4","MIT","https://github.com/sindresorhus/prepend-http"
"process-nextick-args@2.0.0","MIT","https://github.com/calvinmetcalf/process-nextick-args"
"process@0.11.10","MIT","https://github.com/shtylman/node-process"
"promise-inflight@1.0.1","ISC","https://github.com/iarna/promise-inflight"
"promise-retry@1.1.1","MIT","https://github.com/IndigoUnited/node-promise-retry"
"promise@7.0.4","MIT","https://github.com/then/promise"
"promise@7.3.1","MIT","https://github.com/then/promise"
"protoduck@5.0.1","MIT","https://github.com/zkat/protoduck"
"protractor@5.4.2","MIT","https://github.com/angular/protractor"
"proxy-addr@2.0.4","MIT","https://github.com/jshttp/proxy-addr"
"proxy-middleware@0.15.0","MIT","https://github.com/andrewrk/connect-proxy"
"prr@1.0.1","MIT","https://github.com/rvagg/prr"
"pseudomap@1.0.2","ISC","https://github.com/isaacs/pseudomap"
"psl@1.1.31","MIT","https://github.com/wrangr/psl"
"public-encrypt@4.0.3","MIT","https://github.com/crypto-browserify/publicEncrypt"
"pump@2.0.1","MIT","https://github.com/mafintosh/pump"
"pump@3.0.0","MIT","https://github.com/mafintosh/pump"
"pumpify@1.5.1","MIT","https://github.com/mafintosh/pumpify"
"punycode@1.3.2","MIT","https://github.com/bestiejs/punycode.js"
"punycode@1.4.1","MIT","https://github.com/bestiejs/punycode.js"
"punycode@2.1.1","MIT","https://github.com/bestiejs/punycode.js"
"q@1.4.1","MIT","https://github.com/kriskowal/q"
"qjobs@1.2.0","MIT","https://github.com/franck34/qjobs"
"qs@6.5.2","BSD-3-Clause","https://github.com/ljharb/qs"
"querystring-es3@0.2.1","MIT","https://github.com/mike-spainhower/querystring"
"querystring@0.2.0","MIT","https://github.com/Gozala/querystring"
"querystringify@2.1.0","MIT","https://github.com/unshiftio/querystringify"
"quote-stream@1.0.2","MIT","https://github.com/substack/quote-stream"
"randombytes@2.1.0","MIT","https://github.com/crypto-browserify/randombytes"
"randomfill@1.0.4","MIT","https://github.com/crypto-browserify/randomfill"
"range-parser@1.2.0","MIT","https://github.com/jshttp/range-parser"
"raw-body@2.3.3","MIT","https://github.com/stream-utils/raw-body"
"raw-loader@1.0.0","MIT","https://github.com/webpack-contrib/raw-loader"
"rc@1.2.8","(BSD-2-Clause OR MIT OR Apache-2.0)","https://github.com/dominictarr/rc"
"read-cache@1.0.0","MIT","https://github.com/TrySound/read-cache"
"read-installed@4.0.3","ISC","https://github.com/isaacs/read-installed"
"read-package-json@2.0.13","ISC","https://github.com/npm/read-package-json"
"read-pkg-up@1.0.1","MIT","https://github.com/sindresorhus/read-pkg-up"
"read-pkg-up@2.0.0","MIT","https://github.com/sindresorhus/read-pkg-up"
"read-pkg-up@4.0.0","MIT","https://github.com/sindresorhus/read-pkg-up"
"read-pkg@1.1.0","MIT","https://github.com/sindresorhus/read-pkg"
"read-pkg@2.0.0","MIT","https://github.com/sindresorhus/read-pkg"
"read-pkg@3.0.0","MIT","https://github.com/sindresorhus/read-pkg"
"readable-stream@2.3.6","MIT","https://github.com/nodejs/readable-stream"
"readable-stream@3.1.1","MIT","https://github.com/nodejs/readable-stream"
"readdir-scoped-modules@1.0.2","ISC","https://github.com/npm/readdir-scoped-modules"
"readdirp@2.2.1","MIT","https://github.com/paulmillr/readdirp"
"rechoir@0.6.2","MIT","https://github.com/tkellen/node-rechoir"
"redent@1.0.0","MIT","https://github.com/sindresorhus/redent"
"reflect-metadata@0.1.13","Apache-2.0","https://github.com/rbuckton/reflect-metadata"
"regenerate@1.4.0","MIT","https://github.com/mathiasbynens/regenerate"
"regenerator-runtime@0.10.5","MIT","https://github.com/facebook/regenerator/tree/master/packages/regenerator-runtime"
"regenerator-runtime@0.11.1","MIT","https://github.com/facebook/regenerator/tree/master/packages/regenerator-runtime"
"regenerator-runtime@0.12.1","MIT","https://github.com/facebook/regenerator/tree/master/packages/regenerator-runtime"
"regex-not@1.0.2","MIT","https://github.com/jonschlinkert/regex-not"
"regexpu-core@1.0.0","MIT","https://github.com/mathiasbynens/regexpu-core"
"registry-auth-token@3.3.2","MIT","https://github.com/rexxars/registry-auth-token"
"registry-url@3.1.0","MIT","https://github.com/sindresorhus/registry-url"
"regjsgen@0.2.0","MIT","https://github.com/d10/regjsgen"
"regjsparser@0.1.5","BSD*","https://github.com/jviereck/regjsparser"
"remove-trailing-separator@1.1.0","ISC","https://github.com/darsain/remove-trailing-separator"
"repeat-element@1.1.3","MIT","https://github.com/jonschlinkert/repeat-element"
"repeat-string@1.6.1","MIT","https://github.com/jonschlinkert/repeat-string"
"repeating@2.0.1","MIT","https://github.com/sindresorhus/repeating"
"request@2.88.0","Apache-2.0","https://github.com/request/request"
"require-directory@2.1.1","MIT","https://github.com/troygoode/node-require-directory"
"require-from-string@2.0.2","MIT","https://github.com/floatdrop/require-from-string"
"require-main-filename@1.0.1","ISC","https://github.com/yargs/require-main-filename"
"requires-port@1.0.0","MIT","https://github.com/unshiftio/requires-port"
"resolve-cwd@2.0.0","MIT","https://github.com/sindresorhus/resolve-cwd"
"resolve-dir@1.0.1","MIT","https://github.com/jonschlinkert/resolve-dir"
"resolve-from@3.0.0","MIT","https://github.com/sindresorhus/resolve-from"
"resolve-url@0.2.1","MIT","https://github.com/lydell/resolve-url"
"resolve@1.1.7","MIT","https://github.com/substack/node-resolve"
"resolve@1.10.0","MIT","https://github.com/browserify/resolve"
"restore-cursor@2.0.0","MIT","https://github.com/sindresorhus/restore-cursor"
"restructure@0.5.4","MIT","https://github.com/devongovett/restructure"
"ret@0.1.15","MIT","https://github.com/fent/ret.js"
"retry@0.10.1","MIT","https://github.com/tim-kos/node-retry"
"rfdc@1.1.2","MIT","https://github.com/davidmarkclements/rfdc"
"rimraf@2.6.3","ISC","https://github.com/isaacs/rimraf"
"ripemd160@2.0.2","MIT","https://github.com/crypto-browserify/ripemd160"
"rollup-plugin-commonjs@9.2.1","MIT","https://github.com/rollup/rollup-plugin-commonjs"
"rollup-plugin-json@3.1.0","MIT","https://github.com/rollup/rollup-plugin-json"
"rollup-plugin-node-resolve@4.0.1","MIT","https://github.com/rollup/rollup-plugin-node-resolve"
"rollup-plugin-sourcemaps@0.4.2","MIT","https://github.com/maxdavidson/rollup-plugin-sourcemaps"
"rollup-pluginutils@2.4.1","MIT","https://github.com/rollup/rollup-pluginutils"
"rollup@0.67.4","MIT","https://github.com/rollup/rollup"
"run-async@2.3.0","MIT","https://github.com/SBoudrias/run-async"
"run-queue@1.0.3","ISC","https://github.com/iarna/run-queue"
"rw@1.3.3","BSD-3-Clause","https://github.com/mbostock/rw"
"rx@4.1.0","Apache-2.0","https://github.com/Reactive-Extensions/RxJS"
"rxjs-compat@6.4.0","Apache-2.0",""
"rxjs-tslint@0.1.7","MIT","https://github.com/reactivex/rxjs-tslint"
"rxjs@6.3.3","Apache-2.0","https://github.com/reactivex/rxjs"
"rxjs@6.4.0","Apache-2.0","https://github.com/reactivex/rxjs"
"safe-buffer@5.1.2","MIT","https://github.com/feross/safe-buffer"
"safe-regex@1.1.0","MIT","https://github.com/substack/safe-regex"
"safer-buffer@2.1.2","MIT","https://github.com/ChALkeR/safer-buffer"
"saslprep@1.0.1","MIT","https://github.com/reklatsmasters/saslprep"
"sass-graph@2.2.4","MIT","https://github.com/xzyfer/sass-graph"
"sass-loader@7.1.0","MIT","https://github.com/webpack-contrib/sass-loader"
"saucelabs@1.5.0","MIT*","https://github.com/holidayextras/node-saucelabs"
"sax@0.5.8","BSD*","https://github.com/isaacs/sax-js"
"sax@1.2.4","ISC","https://github.com/isaacs/sax-js"
"schema-utils@0.3.0","MIT","https://github.com/webpack-contrib/schema-utils"
"schema-utils@0.4.7","MIT","https://github.com/webpack-contrib/schema-utils"
"schema-utils@1.0.0","MIT","https://github.com/webpack-contrib/schema-utils"
"scss-tokenizer@0.2.3","MIT","https://github.com/sasstools/scss-tokenizer"
"select-hose@2.0.0","MIT","https://github.com/indutny/select-hose"
"selenium-webdriver@3.6.0","Apache-2.0","https://github.com/SeleniumHQ/selenium"
"selfsigned@1.10.4","MIT","https://github.com/jfromaniello/selfsigned"
"semver-diff@2.1.0","MIT","https://github.com/sindresorhus/semver-diff"
"semver-dsl@1.0.1","MIT","https://github.com/mgechev/semver-dsl"
"semver-intersect@1.4.0","MIT","https://github.com/snyamathi/semver-intersect"
"semver@5.3.0","ISC","https://github.com/npm/node-semver"
"semver@5.6.0","ISC","https://github.com/npm/node-semver"
"send@0.16.2","MIT","https://github.com/pillarjs/send"
"serialize-javascript@1.6.1","BSD-3-Clause","https://github.com/yahoo/serialize-javascript"
"serve-index@1.9.1","MIT","https://github.com/expressjs/serve-index"
"serve-static@1.13.2","MIT","https://github.com/expressjs/serve-static"
"set-blocking@2.0.0","ISC","https://github.com/yargs/set-blocking"
"set-immediate-shim@1.0.1","MIT","https://github.com/sindresorhus/set-immediate-shim"
"set-value@0.4.3","MIT","https://github.com/jonschlinkert/set-value"
"set-value@2.0.0","MIT","https://github.com/jonschlinkert/set-value"
"setimmediate@1.0.5","MIT","https://github.com/YuzuJS/setImmediate"
"setprototypeof@1.1.0","ISC","https://github.com/wesleytodd/setprototypeof"
"sha.js@2.4.11","(MIT AND BSD-3-Clause)","https://github.com/crypto-browserify/sha.js"
"shallow-clone@1.0.0","MIT","https://github.com/jonschlinkert/shallow-clone"
"shallow-copy@0.0.1","MIT","https://github.com/substack/shallow-copy"
"shebang-command@1.2.0","MIT","https://github.com/kevva/shebang-command"
"shebang-regex@1.0.0","MIT","https://github.com/sindresorhus/shebang-regex"
"shelljs@0.8.3","BSD-3-Clause","https://github.com/shelljs/shelljs"
"signal-exit@3.0.2","ISC","https://github.com/tapjs/signal-exit"
"slash@1.0.0","MIT","https://github.com/sindresorhus/slash"
"slide@1.1.6","ISC","https://github.com/isaacs/slide-flow-control"
"smart-buffer@4.0.2","MIT","https://github.com/JoshGlazebrook/smart-buffer"
"snapdragon-node@2.1.1","MIT","https://github.com/jonschlinkert/snapdragon-node"
"snapdragon-util@3.0.1","MIT","https://github.com/jonschlinkert/snapdragon-util"
"snapdragon@0.8.2","MIT","https://github.com/jonschlinkert/snapdragon"
"socket.io-adapter@1.1.1","MIT","https://github.com/socketio/socket.io-adapter"
"socket.io-client@2.1.1","MIT","https://github.com/Automattic/socket.io-client"
"socket.io-parser@3.2.0","MIT","https://github.com/Automattic/socket.io-parser"
"socket.io@2.1.1","MIT","https://github.com/socketio/socket.io"
"sockjs-client@1.3.0","MIT","https://github.com/sockjs/sockjs-client"
"sockjs@0.3.19","MIT","https://github.com/sockjs/sockjs-node"
"socks-proxy-agent@4.0.1","MIT","https://github.com/TooTallNate/node-socks-proxy-agent"
"socks@2.2.3","MIT","https://github.com/JoshGlazebrook/socks"
"source-list-map@0.1.8","MIT","https://github.com/webpack/source-list-map"
"source-list-map@2.0.1","MIT","https://github.com/webpack/source-list-map"
"source-map-loader@0.2.4","MIT","https://github.com/webpack-contrib/source-map-loader"
"source-map-resolve@0.5.2","MIT","https://github.com/lydell/source-map-resolve"
"source-map-support@0.4.18","MIT","https://github.com/evanw/node-source-map-support"
"source-map-support@0.5.10","MIT","https://github.com/evanw/node-source-map-support"
"source-map-url@0.4.0","MIT","https://github.com/lydell/source-map-url"
"source-map@0.1.43","BSD","https://github.com/mozilla/source-map"
"source-map@0.4.4","BSD-3-Clause","https://github.com/mozilla/source-map"
"source-map@0.5.6","BSD-3-Clause","https://github.com/mozilla/source-map"
"source-map@0.5.7","BSD-3-Clause","https://github.com/mozilla/source-map"
"source-map@0.6.1","BSD-3-Clause","https://github.com/mozilla/source-map"
"source-map@0.7.3","BSD-3-Clause","https://github.com/mozilla/source-map"
"sourcemap-codec@1.4.4","MIT","https://github.com/Rich-Harris/sourcemap-codec"
"spdx-compare@1.0.0","MIT","https://github.com/kemitchell/spdx-compare.js"
"spdx-correct@3.1.0","Apache-2.0","https://github.com/jslicense/spdx-correct.js"
"spdx-exceptions@2.2.0","CC-BY-3.0","https://github.com/kemitchell/spdx-exceptions.json"
"spdx-expression-parse@3.0.0","MIT","https://github.com/jslicense/spdx-expression-parse.js"
"spdx-license-ids@3.0.3","CC0-1.0","https://github.com/shinnn/spdx-license-ids"
"spdx-ranges@2.1.0","CC-BY-3.0","https://github.com/kemitchell/spdx-ranges.js"
"spdx-satisfies@4.0.1","MIT","https://github.com/kemitchell/spdx-satisfies.js"
"spdy-transport@3.0.0","MIT","https://github.com/spdy-http2/spdy-transport"
"spdy@4.0.0","MIT","https://github.com/indutny/node-spdy"
"speed-measure-webpack-plugin@1.3.0","MIT","https://github.com/stephencookdev/speed-measure-webpack-plugin"
"split-string@3.1.0","MIT","https://github.com/jonschlinkert/split-string"
"split@0.3.3","MIT","https://github.com/dominictarr/split"
"sprintf-js@1.0.3","BSD-3-Clause","https://github.com/alexei/sprintf.js"
"sprintf-js@1.1.2","BSD-3-Clause","https://github.com/alexei/sprintf.js"
"sshpk@1.16.1","MIT","https://github.com/joyent/node-sshpk"
"ssri@5.3.0","ISC","https://github.com/zkat/ssri"
"ssri@6.0.1","ISC","https://github.com/zkat/ssri"
"static-eval@2.0.2","MIT","https://github.com/substack/static-eval"
"static-extend@0.1.2","MIT","https://github.com/jonschlinkert/static-extend"
"static-module@2.2.5","MIT","https://github.com/substack/static-module"
"stats-webpack-plugin@0.7.0","MIT","https://github.com/unindented/stats-webpack-plugin"
"statuses@1.3.1","MIT","https://github.com/jshttp/statuses"
"statuses@1.4.0","MIT","https://github.com/jshttp/statuses"
"statuses@1.5.0","MIT","https://github.com/jshttp/statuses"
"stdout-stream@1.4.1","MIT","https://github.com/mafintosh/stdout-stream"
"stream-browserify@2.0.2","MIT","https://github.com/browserify/stream-browserify"
"stream-combiner@0.0.4","MIT","https://github.com/dominictarr/stream-combiner"
"stream-each@1.2.3","MIT","https://github.com/mafintosh/stream-each"
"stream-http@2.8.3","MIT","https://github.com/jhiesey/stream-http"
"stream-shift@1.0.0","MIT","https://github.com/mafintosh/stream-shift"
"streamroller@1.0.3","MIT","https://github.com/nomiddlename/streamroller"
"string-width@1.0.2","MIT","https://github.com/sindresorhus/string-width"
"string-width@2.1.1","MIT","https://github.com/sindresorhus/string-width"
"string_decoder@1.1.1","MIT","https://github.com/nodejs/string_decoder"
"string_decoder@1.2.0","MIT","https://github.com/nodejs/string_decoder"
"strip-ansi@3.0.1","MIT","https://github.com/chalk/strip-ansi"
"strip-ansi@4.0.0","MIT","https://github.com/chalk/strip-ansi"
"strip-ansi@5.0.0","MIT","https://github.com/chalk/strip-ansi"
"strip-bom@2.0.0","MIT","https://github.com/sindresorhus/strip-bom"
"strip-bom@3.0.0","MIT","https://github.com/sindresorhus/strip-bom"
"strip-eof@1.0.0","MIT","https://github.com/sindresorhus/strip-eof"
"strip-indent@1.0.1","MIT","https://github.com/sindresorhus/strip-indent"
"strip-json-comments@2.0.1","MIT","https://github.com/sindresorhus/strip-json-comments"
"style-loader@0.23.1","MIT","https://github.com/webpack-contrib/style-loader"
"stylus-loader@3.0.2","MIT","https://github.com/shama/stylus-loader"
"stylus@0.54.5","MIT","https://github.com/stylus/stylus"
"supports-color@2.0.0","MIT","https://github.com/chalk/supports-color"
"supports-color@3.2.3","MIT","https://github.com/chalk/supports-color"
"supports-color@5.5.0","MIT","https://github.com/chalk/supports-color"
"supports-color@6.1.0","MIT","https://github.com/chalk/supports-color"
"symbol-observable@1.2.0","MIT","https://github.com/blesh/symbol-observable"
"tapable@1.1.1","MIT","https://github.com/webpack/tapable"
"tar@2.2.1","ISC","https://github.com/isaacs/node-tar"
"tar@4.4.8","ISC","https://github.com/npm/node-tar"
"term-size@1.2.0","MIT","https://github.com/sindresorhus/term-size"
"terser-webpack-plugin@1.2.2","MIT","https://github.com/webpack-contrib/terser-webpack-plugin"
"terser@3.17.0","BSD-2-Clause","https://github.com/fabiosantoscode/terser"
"through2@2.0.5","MIT","https://github.com/rvagg/through2"
"through@2.3.8","MIT","https://github.com/dominictarr/through"
"thunky@1.0.3","MIT","https://github.com/mafintosh/thunky"
"time-stamp@1.1.0","MIT","https://github.com/jonschlinkert/time-stamp"
"timed-out@4.0.1","MIT","https://github.com/floatdrop/timed-out"
"timers-browserify@2.0.10","MIT","https://github.com/jryans/timers-browserify"
"tiny-inflate@1.0.2","MIT","https://github.com/devongovett/tiny-inflate"
"tmp@0.0.30","MIT","https://github.com/raszi/node-tmp"
"tmp@0.0.33","MIT","https://github.com/raszi/node-tmp"
"to-array@0.1.4","MIT","https://github.com/Raynos/to-array"
"to-arraybuffer@1.0.1","MIT","https://github.com/jhiesey/to-arraybuffer"
"to-fast-properties@1.0.3","MIT","https://github.com/sindresorhus/to-fast-properties"
"to-object-path@0.3.0","MIT","https://github.com/jonschlinkert/to-object-path"
"to-regex-range@2.1.1","MIT","https://github.com/micromatch/to-regex-range"
"to-regex@3.0.2","MIT","https://github.com/jonschlinkert/to-regex"
"tough-cookie@2.4.3","BSD-3-Clause","https://github.com/salesforce/tough-cookie"
"traverse@0.6.6","MIT","https://github.com/substack/js-traverse"
"tree-kill@1.2.1","MIT","https://github.com/pkrumins/node-tree-kill"
"treeify@1.1.0","MIT","https://github.com/notatestuser/treeify"
"trim-newlines@1.0.0","MIT","https://github.com/sindresorhus/trim-newlines"
"trim-right@1.0.1","MIT","https://github.com/sindresorhus/trim-right"
"true-case-path@1.0.3","Apache-2.0","https://github.com/barsh/true-case-path"
"ts-invariant@0.2.1","MIT","https://github.com/apollographql/invariant-packages"
"ts-node@4.1.0","MIT","https://github.com/TypeStrong/ts-node"
"ts-simple-ast@12.4.0","MIT","https://github.com/dsherret/ts-simple-ast"
"tsconfig@7.0.0","MIT","https://github.com/TypeStrong/tsconfig"
"tsickle@0.34.3","MIT","https://github.com/angular/tsickle"
"tslib@1.9.3","Apache-2.0","https://github.com/Microsoft/tslib"
"tslint@5.13.0","Apache-2.0","https://github.com/palantir/tslint"
"tsutils@2.29.0","MIT","https://github.com/ajafff/tsutils"
"tty-browserify@0.0.0","MIT","https://github.com/substack/tty-browserify"
"tunnel-agent@0.6.0","Apache-2.0","https://github.com/mikeal/tunnel-agent"
"tweetnacl@0.14.5","Unlicense","https://github.com/dchest/tweetnacl-js"
"type-check@0.3.2","MIT","https://github.com/gkz/type-check"
"type-is@1.6.16","MIT","https://github.com/jshttp/type-is"
"typedarray@0.0.6","MIT","https://github.com/substack/typedarray"
"typescript@2.9.1","Apache-2.0","https://github.com/Microsoft/TypeScript"
"typescript@2.9.2","Apache-2.0","https://github.com/Microsoft/TypeScript"
"typescript@3.1.1","Apache-2.0","https://github.com/Microsoft/TypeScript"
"typescript@3.2.4","Apache-2.0","https://github.com/Microsoft/TypeScript"
"uglify-js@3.4.9","BSD-2-Clause","https://github.com/mishoo/UglifyJS2"
"ultron@1.1.1","MIT","https://github.com/unshiftio/ultron"
"unc-path-regex@0.1.2","MIT","https://github.com/regexhq/unc-path-regex"
"unicode-properties@1.1.0","MIT","https://github.com/devongovett/unicode-properties"
"unicode-trie@0.3.1","MIT","https://github.com/devongovett/unicode-trie"
"union-value@1.0.0","MIT","https://github.com/jonschlinkert/union-value"
"unique-filename@1.1.1","ISC","https://github.com/iarna/unique-filename"
"unique-slug@2.0.1","ISC","https://github.com/iarna/unique-slug"
"unique-string@1.0.0","MIT","https://github.com/sindresorhus/unique-string"
"universalify@0.1.2","MIT","https://github.com/RyanZim/universalify"
"unix-crypt-td-js@1.0.0","BSD-3-Clause","https://github.com/TimDumol/unix-crypt-td-js"
"unpipe@1.0.0","MIT","https://github.com/stream-utils/unpipe"
"unset-value@1.0.0","MIT","https://github.com/jonschlinkert/unset-value"
"unzip-response@2.0.1","MIT","https://github.com/sindresorhus/unzip-response"
"upath@1.1.0","MIT","https://github.com/anodynos/upath"
"update-notifier@2.5.0","BSD-2-Clause","https://github.com/yeoman/update-notifier"
"uri-js@4.2.2","BSD-2-Clause","https://github.com/garycourt/uri-js"
"urix@0.1.0","MIT","https://github.com/lydell/urix"
"url-parse-lax@1.0.0","MIT","https://github.com/sindresorhus/url-parse-lax"
"url-parse@1.4.4","MIT","https://github.com/unshiftio/url-parse"
"url@0.11.0","MIT","https://github.com/defunctzombie/node-url"
"use@3.1.1","MIT","https://github.com/jonschlinkert/use"
"useragent@2.3.0","MIT","https://github.com/3rd-Eden/useragent"
"util-deprecate@1.0.2","MIT","https://github.com/TooTallNate/util-deprecate"
"util-extend@1.0.3","MIT","https://github.com/isaacs/util-extend"
"util@0.10.3","MIT","https://github.com/defunctzombie/node-util"
"util@0.11.1","MIT","https://github.com/defunctzombie/node-util"
"utils-merge@1.0.1","MIT","https://github.com/jaredhanson/utils-merge"
"uuid@3.3.2","MIT","https://github.com/kelektiv/node-uuid"
"v8-compile-cache@2.0.2","MIT",""
"v8flags@3.1.2","MIT","https://github.com/gulpjs/v8flags"
"validate-npm-package-license@3.0.4","Apache-2.0","https://github.com/kemitchell/validate-npm-package-license.js"
"validate-npm-package-name@3.0.0","ISC","https://github.com/npm/validate-npm-package-name"
"vary@1.1.2","MIT","https://github.com/jshttp/vary"
"verror@1.10.0","MIT","https://github.com/davepacheco/node-verror"
"viz.js@1.8.2","MIT","https://github.com/mdaines/viz.js"
"vlq@0.2.3","MIT","https://github.com/Rich-Harris/vlq"
"vm-browserify@0.0.4","MIT","https://github.com/substack/vm-browserify"
"void-elements@2.0.1","MIT","https://github.com/hemanth/void-elements"
"watchpack@1.6.0","MIT","https://github.com/webpack/watchpack"
"wbuf@1.7.3","MIT","https://github.com/indutny/wbuf"
"webdriver-js-extender@2.1.0","MIT","https://github.com/angular/webdriver-js-extender"
"webdriver-manager@12.1.1","MIT","https://github.com/angular/webdriver-manager"
"webpack-cli@3.2.3","MIT","https://github.com/webpack/webpack-cli"
"webpack-core@0.6.9","MIT","https://github.com/webpack/core"
"webpack-dev-middleware@3.4.0","MIT","https://github.com/webpack/webpack-dev-middleware"
"webpack-dev-middleware@3.5.1","MIT","https://github.com/webpack/webpack-dev-middleware"
"webpack-dev-server@3.1.14","MIT","https://github.com/webpack/webpack-dev-server"
"webpack-log@2.0.0","MIT","https://github.com/webpack-contrib/webpack-log"
"webpack-merge@4.2.1","MIT","https://github.com/survivejs/webpack-merge"
"webpack-sources@1.3.0","MIT","https://github.com/webpack/webpack-sources"
"webpack-subresource-integrity@1.1.0-rc.6","MIT","https://github.com/waysact/webpack-subresource-integrity"
"webpack@4.29.0","MIT","https://github.com/webpack/webpack"
"websocket-driver@0.7.0","MIT","https://github.com/faye/websocket-driver-node"
"websocket-extensions@0.1.3","MIT","https://github.com/faye/websocket-extensions-node"
"when@3.6.4","MIT","https://github.com/cujojs/when"
"which-module@1.0.0","ISC","https://github.com/nexdrew/which-module"
"which-module@2.0.0","ISC","https://github.com/nexdrew/which-module"
"which@1.3.1","ISC","https://github.com/isaacs/node-which"
"wide-align@1.1.3","ISC","https://github.com/iarna/wide-align"
"widest-line@2.0.1","MIT","https://github.com/sindresorhus/widest-line"
"windows-release@3.1.0","MIT","https://github.com/sindresorhus/windows-release"
"wordwrap@0.0.3","MIT","https://github.com/substack/node-wordwrap"
"wordwrap@1.0.0","MIT","https://github.com/substack/node-wordwrap"
"worker-farm@1.6.0","MIT","https://github.com/rvagg/node-worker-farm"
"wrap-ansi@2.1.0","MIT","https://github.com/chalk/wrap-ansi"
"wrappy@1.0.2","ISC","https://github.com/npm/wrappy"
"write-file-atomic@2.4.2","ISC","https://github.com/iarna/write-file-atomic"
"ws@3.3.3","MIT","https://github.com/websockets/ws"
"xdg-basedir@3.0.0","MIT","https://github.com/sindresorhus/xdg-basedir"
"xhr2@0.1.4","MIT","https://github.com/pwnall/node-xhr2"
"xml2js@0.4.19","MIT","https://github.com/Leonidas-from-XIV/node-xml2js"
"xmlbuilder@9.0.7","MIT","https://github.com/oozcitak/xmlbuilder-js"
"xmlhttprequest-ssl@1.5.5","MIT","https://github.com/mjwwit/node-XMLHttpRequest"
"xregexp@4.0.0","MIT","https://github.com/slevithan/xregexp"
"xtend@4.0.1","MIT","https://github.com/Raynos/xtend"
"xxhashjs@0.2.2","MIT","https://github.com/pierrec/js-xxhash"
"y18n@3.2.1","ISC","https://github.com/yargs/y18n"
"y18n@4.0.0","ISC","https://github.com/yargs/y18n"
"yallist@2.1.2","ISC","https://github.com/isaacs/yallist"
"yallist@3.0.3","ISC","https://github.com/isaacs/yallist"
"yargs-parser@10.1.0","ISC","https://github.com/yargs/yargs-parser"
"yargs-parser@11.1.1","ISC","https://github.com/yargs/yargs-parser"
"yargs-parser@5.0.0","ISC","https://github.com/yargs/yargs-parser"
"yargs-parser@7.0.0","ISC","https://github.com/yargs/yargs-parser"
"yargs@12.0.2","MIT","https://github.com/yargs/yargs"
"yargs@12.0.5","MIT","https://github.com/yargs/yargs"
"yargs@7.1.0","MIT","https://github.com/yargs/yargs"
"yargs@9.0.1","MIT","https://github.com/yargs/yargs"
"yeast@0.1.2","MIT","https://github.com/unshiftio/yeast"
"yn@2.0.0","MIT","https://github.com/sindresorhus/yn"
"zen-observable-ts@0.8.15","MIT","https://github.com/apollographql/apollo-link"
"zen-observable@0.8.13","MIT","https://github.com/zenparsing/zen-observable"
"zone.js@0.8.29","MIT","https://github.com/angular/zone.js"